model,step,loss,l1_loss,kld_loss,grdn,mem_gb,smp/s
C,50,14.92,0.81,1.411,275.731,5.73,14.0
C,100,5.059,0.725,0.433,131.976,5.74,17.0
C,150,4.174,0.652,0.352,115.58,5.74,18.0
C,200,3.706,0.572,0.313,100.734,5.74,19.0
C,250,3.371,0.583,0.279,92.08,5.74,19.0
C,300,3.129,0.535,0.259,88.491,5.74,19.0
C,350,2.992,0.531,0.246,82.346,5.74,18.0
C,400,2.846,0.513,0.233,81.742,5.74,18.0
C,450,2.725,0.497,0.223,77.965,5.74,18.0
C,500,2.679,0.507,0.217,79.167,5.74,18.0
C,550,2.584,0.489,0.21,77.676,5.74,18.0
C,600,2.457,0.491,0.197,73.075,5.74,18.0
C,650,2.411,0.483,0.193,70.016,5.74,18.0
C,700,2.324,0.455,0.187,69.122,5.74,18.0
C,750,2.278,0.455,0.182,69.253,5.74,18.0
C,800,2.242,0.467,0.177,68.546,5.74,18.0
C,850,2.144,0.449,0.169,66.984,5.74,17.0
C,900,2.121,0.459,0.166,65.504,5.74,17.0
C,950,2.061,0.45,0.161,63.901,5.74,17.0
C,1000,2.019,0.457,0.156,63.178,5.74,17.0
C,1050,1.957,0.444,0.151,61.1,5.74,17.0
C,1100,1.902,0.438,0.146,60.803,5.74,17.0
C,1150,1.884,0.442,0.144,60.21,5.74,17.0
C,1200,1.813,0.409,0.14,59.261,5.74,17.0
C,1250,1.771,0.423,0.135,57.813,5.74,17.0
C,1300,1.731,0.412,0.132,58.514,5.74,17.0
C,1350,1.707,0.395,0.131,58.325,5.74,17.0
C,1400,1.656,0.391,0.127,59.12,5.74,17.0
C,1450,1.591,0.362,0.123,57.808,5.74,17.0
C,1500,1.543,0.345,0.12,55.269,5.74,17.0
C,1550,1.531,0.35,0.118,55.739,5.74,17.0
C,1600,1.51,0.36,0.115,57.38,5.74,17.0
C,1650,1.449,0.346,0.11,54.705,5.74,17.0
C,1700,1.4,0.342,0.106,53.366,5.74,17.0
C,1750,1.377,0.342,0.104,53.644,5.74,17.0
C,1800,1.341,0.318,0.102,51.756,5.74,17.0
C,1850,1.307,0.317,0.099,51.567,5.74,17.0
C,1900,1.297,0.315,0.098,51.875,5.74,17.0
C,1950,1.254,0.312,0.094,50.041,5.74,17.0
C,2000,1.226,0.308,0.092,48.526,5.74,17.0
C,2050,1.215,0.301,0.091,49.899,5.74,17.0
C,2100,1.153,0.295,0.086,48.618,5.74,17.0
C,2150,1.151,0.298,0.085,49.525,5.74,17.0
C,2200,1.101,0.294,0.081,47.167,5.74,17.0
C,2250,1.114,0.303,0.081,49.09,5.74,17.0
C,2300,1.059,0.287,0.077,47.41,5.74,17.0
C,2350,1.048,0.289,0.076,46.444,5.74,17.0
C,2400,1.026,0.291,0.073,44.624,5.74,17.0
C,2450,0.996,0.279,0.072,45.121,5.74,17.0
C,2500,0.992,0.289,0.07,43.334,5.74,17.0
C,2550,0.939,0.278,0.066,43.066,5.74,17.0
C,2600,0.92,0.279,0.064,42.139,5.74,17.0
C,2650,0.917,0.281,0.064,43.089,5.74,17.0
C,2700,0.891,0.279,0.061,41.596,5.74,17.0
C,2750,0.871,0.279,0.059,41.971,5.74,17.0
C,2800,0.86,0.273,0.059,40.644,5.74,17.0
C,2850,0.823,0.268,0.055,40.065,5.74,17.0
C,2900,0.801,0.262,0.054,39.089,5.74,17.0
C,2950,0.787,0.26,0.053,39.483,5.74,17.0
C,3000,0.78,0.258,0.052,38.643,5.74,17.0
C,3050,0.77,0.268,0.05,38.177,5.74,17.0
C,3100,0.758,0.267,0.049,39.44,5.74,17.0
C,3150,0.738,0.263,0.047,37.54,5.74,18.0
C,3200,0.725,0.262,0.046,37.519,5.74,17.0
C,3250,0.702,0.258,0.044,35.07,5.74,18.0
C,3300,0.697,0.253,0.044,36.813,5.74,17.0
C,3350,0.683,0.255,0.043,36.859,5.74,17.0
C,3400,0.664,0.258,0.041,34.872,5.74,17.0
C,3450,0.655,0.249,0.041,35.395,5.74,17.0
C,3500,0.644,0.251,0.039,34.853,5.74,17.0
C,3550,0.616,0.24,0.038,34.027,5.74,17.0
C,3600,0.616,0.248,0.037,33.746,5.74,17.0
C,3650,0.592,0.243,0.035,32.542,5.72,16.0
C,3700,0.591,0.239,0.035,32.914,5.74,17.0
C,3750,0.592,0.239,0.035,33.486,5.74,17.0
C,3800,0.559,0.234,0.032,30.95,5.74,17.0
C,3850,0.556,0.227,0.033,32.485,5.74,17.0
C,3900,0.541,0.233,0.031,31.524,5.74,17.0
C,3950,0.556,0.243,0.031,32.54,5.74,17.0
C,4000,0.532,0.236,0.03,31.213,5.74,18.0
C,4050,0.515,0.226,0.029,31.586,5.74,19.0
C,4100,0.509,0.227,0.028,29.526,5.74,19.0
C,4150,0.511,0.238,0.027,29.674,5.74,19.0
C,4200,0.491,0.228,0.026,29.73,5.74,19.0
C,4250,0.481,0.218,0.026,29.222,5.74,19.0
C,4300,0.486,0.224,0.026,29.135,5.74,19.0
C,4350,0.47,0.225,0.025,28.536,5.74,19.0
C,4400,0.464,0.22,0.024,28.337,5.74,19.0
C,4450,0.465,0.232,0.023,27.482,5.74,19.0
C,4500,0.453,0.223,0.023,28.448,5.74,19.0
C,4550,0.447,0.216,0.023,28.045,5.74,19.0
C,4600,0.445,0.229,0.022,27.291,5.74,19.0
C,4650,0.436,0.227,0.021,27.136,5.74,19.0
C,4700,0.438,0.227,0.021,27.226,5.74,19.0
C,4750,0.425,0.216,0.021,27.726,5.74,19.0
C,4800,0.425,0.224,0.02,27.184,5.74,19.0
C,4850,0.41,0.212,0.02,26.356,5.74,19.0
C,4900,0.425,0.217,0.021,27.473,5.74,19.0
C,4950,0.403,0.214,0.019,26.399,5.74,19.0
C,5000,0.392,0.208,0.018,23.988,5.74,19.0
C,5050,0.39,0.208,0.018,26.092,5.74,19.0
C,5100,0.385,0.211,0.017,24.108,5.74,19.0
C,5150,0.387,0.21,0.018,24.674,5.74,19.0
C,5200,0.378,0.204,0.017,24.659,5.74,19.0
C,5250,0.378,0.212,0.017,24.578,5.74,19.0
C,5300,0.375,0.206,0.017,24.408,5.74,19.0
C,5350,0.377,0.212,0.016,24.784,5.74,19.0
C,5400,0.362,0.2,0.016,24.805,5.74,19.0
C,5450,0.362,0.209,0.015,23.598,5.74,19.0
C,5500,0.364,0.206,0.016,24.586,5.74,19.0
C,5550,0.355,0.203,0.015,23.608,5.74,19.0
C,5600,0.351,0.199,0.015,23.872,5.74,19.0
C,5650,0.347,0.201,0.015,23.061,5.74,19.0
C,5700,0.35,0.209,0.014,24.146,5.74,19.0
C,5750,0.351,0.208,0.014,24.063,5.74,19.0
C,5800,0.336,0.203,0.013,22.274,5.74,19.0
C,5850,0.344,0.211,0.013,23.111,5.74,19.0
C,5900,0.336,0.2,0.014,23.12,5.74,19.0
C,5950,0.329,0.195,0.013,23.156,5.74,19.0
C,6000,0.327,0.2,0.013,22.107,5.74,19.0
C,6050,0.329,0.198,0.013,22.401,5.74,19.0
C,6100,0.321,0.195,0.013,22.541,5.74,19.0
C,6150,0.323,0.193,0.013,23.039,5.74,19.0
C,6200,0.323,0.193,0.013,23.145,5.74,19.0
C,6250,0.306,0.189,0.012,21.51,5.74,19.0
C,6300,0.313,0.195,0.012,21.871,5.74,19.0
C,6350,0.31,0.193,0.012,22.012,5.74,19.0
C,6400,0.298,0.184,0.011,21.076,5.74,19.0
C,6450,0.305,0.194,0.011,21.812,5.74,19.0
C,6500,0.302,0.191,0.011,21.459,5.74,19.0
C,6550,0.298,0.193,0.011,20.924,5.74,19.0
C,6600,0.303,0.189,0.011,21.443,5.74,19.0
C,6650,0.299,0.191,0.011,21.21,5.74,19.0
C,6700,0.292,0.188,0.01,21.108,5.74,19.0
C,6750,0.299,0.19,0.011,20.141,5.74,19.0
C,6800,0.287,0.185,0.01,21.148,5.74,19.0
C,6850,0.299,0.196,0.01,21.173,5.74,19.0
C,6900,0.286,0.187,0.01,21.447,5.74,19.0
C,6950,0.29,0.193,0.01,20.828,5.74,19.0
C,7000,0.281,0.183,0.01,20.555,5.74,19.0
C,7050,0.281,0.186,0.01,20.802,5.74,19.0
C,7100,0.278,0.18,0.01,19.864,5.74,19.0
C,7150,0.279,0.184,0.01,20.236,5.74,19.0
C,7200,0.269,0.177,0.009,19.957,5.74,19.0
C,7250,0.267,0.178,0.009,20.007,5.72,18.0
C,7300,0.269,0.18,0.009,19.524,5.74,19.0
C,7350,0.257,0.172,0.009,19.649,5.74,19.0
C,7400,0.268,0.179,0.009,19.588,5.74,19.0
C,7450,0.256,0.175,0.008,18.82,5.74,19.0
C,7500,0.262,0.178,0.008,18.623,5.74,19.0
C,7550,0.27,0.186,0.008,19.319,5.74,19.0
C,7600,0.254,0.172,0.008,18.793,5.74,19.0
C,7650,0.254,0.171,0.008,18.749,5.74,19.0
C,7700,0.265,0.176,0.009,20.053,5.74,19.0
C,7750,0.259,0.18,0.008,19.163,5.74,19.0
C,7800,0.248,0.172,0.008,18.54,5.74,19.0
C,7850,0.255,0.177,0.008,19.713,5.74,19.0
C,7900,0.248,0.173,0.008,18.367,5.74,19.0
C,7950,0.258,0.179,0.008,18.969,5.74,19.0
C,8000,0.247,0.174,0.007,18.763,5.74,19.0
C,8050,0.245,0.172,0.007,17.461,5.74,19.0
C,8100,0.243,0.169,0.007,17.953,5.74,19.0
C,8150,0.244,0.168,0.008,17.846,5.74,19.0
C,8200,0.242,0.171,0.007,17.963,5.74,19.0
C,8250,0.246,0.175,0.007,19.38,5.74,19.0
C,8300,0.242,0.17,0.007,18.62,5.74,19.0
C,8350,0.241,0.17,0.007,18.27,5.74,19.0
C,8400,0.238,0.169,0.007,18.203,5.74,19.0
C,8450,0.245,0.175,0.007,17.069,5.74,19.0
C,8500,0.244,0.177,0.007,17.848,5.74,19.0
C,8550,0.237,0.171,0.007,17.853,5.74,19.0
C,8600,0.238,0.171,0.007,17.663,5.74,19.0
C,8650,0.236,0.168,0.007,17.714,5.74,19.0
C,8700,0.224,0.159,0.007,17.572,5.74,19.0
C,8750,0.231,0.168,0.006,17.498,5.74,19.0
C,8800,0.227,0.163,0.006,18.333,5.74,19.0
C,8850,0.234,0.168,0.007,17.796,5.74,19.0
C,8900,0.23,0.168,0.006,18.143,5.74,19.0
C,8950,0.225,0.162,0.006,16.657,5.74,19.0
C,9000,0.224,0.165,0.006,16.814,5.74,19.0
C,9050,0.226,0.165,0.006,17.294,5.74,19.0
C,9100,0.226,0.166,0.006,17.548,5.74,19.0
C,9150,0.229,0.17,0.006,17.399,5.74,19.0
C,9200,0.219,0.161,0.006,16.958,5.74,19.0
C,9250,0.223,0.164,0.006,17.335,5.74,19.0
C,9300,0.227,0.169,0.006,16.503,5.74,19.0
C,9350,0.223,0.166,0.006,18.077,5.74,19.0
C,9400,0.221,0.163,0.006,17.811,5.74,19.0
C,9450,0.214,0.16,0.005,16.676,5.74,19.0
C,9500,0.22,0.162,0.006,16.637,5.74,19.0
C,9550,0.218,0.164,0.005,16.014,5.74,19.0
C,9600,0.215,0.159,0.006,16.861,5.74,19.0
C,9650,0.216,0.165,0.005,15.813,5.74,19.0
C,9700,0.215,0.157,0.006,16.886,5.74,19.0
C,9750,0.211,0.159,0.005,15.909,5.74,19.0
C,9800,0.219,0.165,0.005,16.536,5.74,19.0
C,9850,0.21,0.159,0.005,16.827,5.74,19.0
C,9900,0.213,0.163,0.005,15.89,5.74,19.0
C,9950,0.219,0.169,0.005,17.096,5.74,19.0
C,10000,0.209,0.155,0.005,16.75,5.74,19.0
B,50,15.335,0.819,1.452,287.242,5.73,14.0
B,100,5.016,0.707,0.431,128.192,5.74,17.0
B,150,4.283,0.696,0.359,113.394,5.74,17.0
B,200,3.813,0.661,0.315,102.011,5.74,17.0
B,250,3.434,0.621,0.281,93.358,5.74,17.0
B,300,3.157,0.592,0.256,87.07,5.74,17.0
B,350,3.065,0.59,0.247,83.834,5.74,17.0
B,400,2.89,0.585,0.23,84.4,5.74,17.0
B,450,2.721,0.535,0.219,77.113,5.74,17.0
B,500,2.728,0.536,0.219,80.397,5.74,17.0
B,550,2.645,0.549,0.21,79.242,5.74,17.0
B,600,2.483,0.521,0.196,73.302,5.74,17.0
B,650,2.496,0.54,0.196,72.961,5.74,17.0
B,700,2.39,0.503,0.189,70.69,5.74,17.0
B,750,2.331,0.502,0.183,72.162,5.74,17.0
B,800,2.275,0.498,0.178,68.536,5.74,17.0
B,850,2.175,0.488,0.169,67.005,5.74,17.0
B,900,2.159,0.495,0.166,66.129,5.74,17.0
B,950,2.108,0.479,0.163,65.725,5.74,17.0
B,1000,2.049,0.475,0.157,64.492,5.74,17.0
B,1050,2.001,0.474,0.153,63.969,5.74,17.0
B,1100,1.944,0.448,0.15,61.839,5.74,17.0
B,1150,1.892,0.432,0.146,62.529,5.74,17.0
B,1200,1.823,0.409,0.141,60.355,5.74,18.0
B,1250,1.781,0.404,0.138,60.896,5.74,18.0
B,1300,1.726,0.395,0.133,58.567,5.74,19.0
B,1350,1.69,0.384,0.131,58.65,5.74,19.0
B,1400,1.634,0.364,0.127,59.544,5.74,19.0
B,1450,1.605,0.37,0.123,58.464,5.74,19.0
B,1500,1.57,0.363,0.121,57.623,5.74,19.0
B,1550,1.576,0.368,0.121,57.159,5.74,19.0
B,1600,1.505,0.356,0.115,57.454,5.74,19.0
B,1650,1.475,0.341,0.113,57.281,5.74,19.0
B,1700,1.434,0.351,0.108,55.069,5.74,19.0
B,1750,1.403,0.351,0.105,54.451,5.74,19.0
B,1800,1.386,0.352,0.103,54.094,5.74,19.0
B,1850,1.361,0.339,0.102,54.95,5.74,19.0
B,1900,1.345,0.34,0.1,53.725,5.74,19.0
B,1950,1.291,0.328,0.096,52.057,5.74,18.0
B,2000,1.269,0.327,0.094,50.468,5.74,19.0
B,2050,1.257,0.325,0.093,51.194,5.74,19.0
B,2100,1.203,0.312,0.089,50.359,5.74,19.0
B,2150,1.18,0.312,0.087,51.141,5.74,19.0
B,2200,1.157,0.318,0.084,49.469,5.74,19.0
B,2250,1.147,0.311,0.084,50.109,5.74,19.0
B,2300,1.12,0.321,0.08,48.673,5.74,19.0
B,2350,1.106,0.316,0.079,47.366,5.74,19.0
B,2400,1.068,0.31,0.076,46.519,5.74,19.0
B,2450,1.05,0.303,0.075,47.921,5.74,19.0
B,2500,1.031,0.305,0.073,44.503,5.74,19.0
B,2550,0.983,0.301,0.068,44.509,5.74,19.0
B,2600,0.965,0.292,0.067,42.82,5.74,19.0
B,2650,0.963,0.303,0.066,44.254,5.74,19.0
B,2700,0.924,0.292,0.063,42.897,5.74,19.0
B,2750,0.906,0.293,0.061,42.214,5.74,19.0
B,2800,0.887,0.295,0.059,41.807,5.74,19.0
B,2850,0.875,0.289,0.059,43.077,5.74,19.0
B,2900,0.843,0.289,0.055,40.29,5.74,19.0
B,2950,0.826,0.281,0.055,42.054,5.74,19.0
B,3000,0.83,0.295,0.053,40.208,5.74,19.0
B,3050,0.824,0.297,0.053,41.167,5.74,18.0
B,3100,0.787,0.283,0.05,39.876,5.74,19.0
B,3150,0.777,0.279,0.05,38.73,5.74,19.0
B,3200,0.749,0.272,0.048,37.224,5.74,19.0
B,3250,0.741,0.277,0.046,37.924,5.74,19.0
B,3300,0.727,0.279,0.045,37.34,5.74,19.0
B,3350,0.711,0.276,0.044,37.608,5.74,19.0
B,3400,0.684,0.265,0.042,36.211,5.74,19.0
B,3450,0.697,0.28,0.042,37.408,5.74,19.0
B,3500,0.666,0.262,0.04,36.912,5.71,17.0
B,3550,0.649,0.254,0.04,35.595,5.74,19.0
B,3600,0.644,0.259,0.038,34.932,5.74,19.0
B,3650,0.656,0.27,0.039,35.34,5.74,19.0
B,3700,0.617,0.257,0.036,34.152,5.74,19.0
B,3750,0.615,0.256,0.036,34.726,5.74,18.0
B,3800,0.604,0.257,0.035,34.236,5.74,19.0
B,3850,0.586,0.257,0.033,34.097,5.74,19.0
B,3900,0.592,0.268,0.032,34.723,5.74,19.0
B,3950,0.568,0.252,0.032,32.255,5.74,19.0
B,4000,0.56,0.254,0.031,33.734,5.74,19.0
B,4050,0.551,0.248,0.03,32.696,5.74,19.0
B,4100,0.552,0.255,0.03,32.433,5.74,19.0
B,4150,0.535,0.248,0.029,31.71,5.74,19.0
B,4200,0.522,0.247,0.028,30.276,5.74,19.0
B,4250,0.515,0.246,0.027,31.088,5.74,19.0
B,4300,0.509,0.244,0.027,30.504,5.74,19.0
B,4350,0.495,0.236,0.026,30.766,5.74,19.0
B,4400,0.494,0.243,0.025,30.545,5.74,19.0
B,4450,0.49,0.248,0.024,30.262,5.74,18.0
B,4500,0.49,0.245,0.024,30.109,5.74,19.0
B,4550,0.467,0.237,0.023,28.39,5.74,19.0
B,4600,0.483,0.251,0.023,29.663,5.74,19.0
B,4650,0.452,0.235,0.022,28.837,5.74,19.0
B,4700,0.465,0.244,0.022,28.104,5.74,19.0
B,4750,0.472,0.256,0.022,28.683,5.74,19.0
B,4800,0.443,0.233,0.021,27.565,5.74,19.0
B,4850,0.446,0.236,0.021,28.652,5.74,18.0
B,4900,0.447,0.24,0.021,28.883,5.74,19.0
B,4950,0.431,0.233,0.02,26.988,5.74,19.0
B,5000,0.428,0.24,0.019,27.771,5.74,19.0
B,5050,0.419,0.237,0.018,27.109,5.74,19.0
B,5100,0.419,0.236,0.018,26.623,5.74,19.0
B,5150,0.401,0.227,0.017,26.273,5.74,19.0
B,5200,0.4,0.227,0.017,26.736,5.74,19.0
B,5250,0.405,0.227,0.018,26.017,5.74,19.0
B,5300,0.39,0.221,0.017,25.109,5.74,19.0
B,5350,0.391,0.224,0.017,25.633,5.74,19.0
B,5400,0.4,0.23,0.017,26.131,5.74,19.0
B,5450,0.383,0.22,0.016,25.806,5.74,19.0
B,5500,0.387,0.228,0.016,25.149,5.74,19.0
B,5550,0.376,0.222,0.015,24.426,5.74,19.0
B,5600,0.358,0.216,0.014,24.486,5.74,18.0
B,5650,0.375,0.226,0.015,24.864,5.74,19.0
B,5700,0.371,0.22,0.015,24.363,5.74,19.0
B,5750,0.369,0.224,0.015,24.952,5.74,19.0
B,5800,0.373,0.233,0.014,24.928,5.74,19.0
B,5850,0.366,0.229,0.014,24.657,5.74,19.0
B,5900,0.357,0.223,0.013,24.48,5.74,19.0
B,5950,0.344,0.214,0.013,23.597,5.74,19.0
B,6000,0.357,0.223,0.013,23.815,5.74,18.0
B,6050,0.349,0.22,0.013,23.752,5.74,19.0
B,6100,0.345,0.213,0.013,23.78,5.74,19.0
B,6150,0.348,0.217,0.013,24.402,5.74,19.0
B,6200,0.332,0.207,0.013,23.205,5.74,19.0
B,6250,0.33,0.214,0.012,23.186,5.74,19.0
B,6300,0.337,0.219,0.012,23.388,5.74,19.0
B,6350,0.332,0.215,0.012,23.279,5.74,19.0
B,6400,0.327,0.213,0.011,23.558,5.74,19.0
B,6450,0.327,0.213,0.011,23.131,5.74,19.0
B,6500,0.324,0.209,0.011,23.181,5.74,19.0
B,6550,0.314,0.205,0.011,21.696,5.74,19.0
B,6600,0.32,0.209,0.011,23.247,5.74,19.0
B,6650,0.318,0.214,0.01,22.616,5.74,19.0
B,6700,0.313,0.207,0.011,21.966,5.74,18.0
B,6750,0.312,0.209,0.01,22.492,5.74,19.0
B,6800,0.3,0.197,0.01,21.829,5.74,19.0
B,6850,0.302,0.199,0.01,21.928,5.74,19.0
B,6900,0.306,0.206,0.01,22.537,5.74,19.0
B,6950,0.303,0.205,0.01,22.082,5.7,19.0
B,7000,0.302,0.2,0.01,21.254,5.74,19.0
B,7050,0.301,0.207,0.009,20.747,5.74,19.0
B,7100,0.293,0.197,0.01,20.923,5.74,18.0
B,7150,0.295,0.201,0.009,21.554,5.74,19.0
B,7200,0.292,0.197,0.009,21.336,5.74,19.0
B,7250,0.284,0.192,0.009,20.919,5.74,19.0
B,7300,0.297,0.205,0.009,21.94,5.74,19.0
B,7350,0.298,0.206,0.009,21.952,5.74,19.0
B,7400,0.285,0.197,0.009,21.766,5.74,19.0
B,7450,0.27,0.184,0.009,20.817,5.74,19.0
B,7500,0.279,0.193,0.009,20.534,5.74,18.0
B,7550,0.28,0.195,0.008,21.734,5.74,19.0
B,7600,0.284,0.199,0.009,21.064,5.74,19.0
B,7650,0.273,0.192,0.008,19.776,5.74,19.0
B,7700,0.277,0.196,0.008,20.443,5.74,19.0
B,7750,0.283,0.201,0.008,20.29,5.74,19.0
B,7800,0.282,0.199,0.008,19.995,5.74,19.0
B,7850,0.271,0.195,0.008,20.137,5.74,19.0
B,7900,0.276,0.194,0.008,20.437,5.74,19.0
B,7950,0.266,0.193,0.007,19.037,5.74,19.0
B,8000,0.266,0.192,0.007,20.163,5.74,19.0
B,8050,0.266,0.189,0.008,19.441,5.74,19.0
B,8100,0.269,0.192,0.008,19.999,5.74,19.0
B,8150,0.27,0.193,0.008,21.076,5.74,19.0
B,8200,0.262,0.189,0.007,19.304,5.74,19.0
B,8250,0.261,0.191,0.007,20.269,5.74,19.0
B,8300,0.259,0.187,0.007,19.522,5.74,19.0
B,8350,0.259,0.188,0.007,20.081,5.74,19.0
B,8400,0.266,0.193,0.007,18.639,5.74,19.0
B,8450,0.26,0.189,0.007,20.091,5.74,19.0
B,8500,0.259,0.191,0.007,19.337,5.74,19.0
B,8550,0.255,0.188,0.007,18.319,5.74,19.0
B,8600,0.26,0.189,0.007,19.08,5.74,19.0
B,8650,0.258,0.19,0.007,19.361,5.74,19.0
B,8700,0.246,0.179,0.007,18.667,5.74,19.0
B,8750,0.246,0.184,0.006,17.544,5.74,19.0
B,8800,0.258,0.191,0.007,18.702,5.74,19.0
B,8850,0.251,0.187,0.006,18.875,5.74,19.0
B,8900,0.246,0.184,0.006,18.288,5.74,18.0
B,8950,0.244,0.181,0.006,17.715,5.74,19.0
B,9000,0.239,0.178,0.006,18.457,5.74,19.0
B,9050,0.254,0.193,0.006,19.421,5.74,19.0
B,9100,0.254,0.19,0.006,19.068,5.74,19.0
B,9150,0.248,0.189,0.006,19.158,5.74,19.0
B,9200,0.251,0.192,0.006,18.416,5.74,19.0
B,9250,0.244,0.179,0.006,18.512,5.74,19.0
B,9300,0.239,0.179,0.006,17.729,5.74,19.0
B,9350,0.236,0.177,0.006,18.352,5.74,19.0
B,9400,0.239,0.179,0.006,18.038,5.74,19.0
B,9450,0.241,0.182,0.006,18.552,5.74,19.0
B,9500,0.238,0.183,0.005,17.986,5.74,19.0
B,9550,0.243,0.185,0.006,19.041,5.74,19.0
B,9600,0.236,0.18,0.006,17.439,5.74,19.0
B,9650,0.237,0.179,0.006,18.945,5.74,19.0
B,9700,0.228,0.175,0.005,17.314,5.74,19.0
B,9750,0.233,0.178,0.006,17.392,5.74,19.0
B,9800,0.231,0.175,0.006,17.437,5.74,19.0
B,9850,0.233,0.179,0.005,18.679,5.74,19.0
B,9900,0.225,0.174,0.005,17.948,5.74,19.0
B,9950,0.231,0.178,0.005,17.05,5.74,19.0
B,10000,0.232,0.181,0.005,17.493,5.74,19.0
A,50,15.682,0.857,1.483,286.299,5.73,15.0
A,100,5.056,0.723,0.433,129.481,5.74,19.0
A,150,4.205,0.627,0.358,115.242,5.74,19.0
A,200,3.755,0.601,0.315,102.357,5.74,19.0
A,250,3.438,0.565,0.287,96.969,5.74,19.0
A,300,3.16,0.516,0.264,89.536,5.74,19.0
A,350,3.022,0.516,0.251,82.858,5.74,19.0
A,400,2.84,0.52,0.232,82.082,5.74,19.0
A,450,2.72,0.508,0.221,78.665,5.74,19.0
A,500,2.693,0.5,0.219,81.04,5.74,19.0
A,550,2.599,0.482,0.212,79.626,5.74,19.0
A,600,2.464,0.469,0.199,74.335,5.74,19.0
A,650,2.434,0.462,0.197,72.168,5.74,19.0
A,700,2.35,0.47,0.188,70.354,5.74,18.0
A,750,2.309,0.452,0.186,70.334,5.74,19.0
A,800,2.244,0.449,0.179,69.037,5.74,19.0
A,850,2.179,0.452,0.173,68.546,5.74,19.0
A,900,2.142,0.435,0.171,66.227,5.74,19.0
A,950,2.057,0.421,0.164,64.161,5.74,19.0
A,1000,2.017,0.428,0.159,64.041,5.74,19.0
A,1050,1.983,0.423,0.156,64.25,5.74,19.0
A,1100,1.936,0.435,0.15,61.731,5.74,19.0
A,1150,1.897,0.407,0.149,62.356,5.74,18.0
A,1200,1.847,0.41,0.144,62.478,5.74,19.0
A,1250,1.775,0.389,0.139,60.705,5.74,19.0
A,1300,1.741,0.385,0.136,60.491,5.74,19.0
A,1350,1.716,0.376,0.134,59.741,5.74,19.0
A,1400,1.658,0.354,0.13,60.392,5.74,19.0
A,1450,1.628,0.364,0.126,60.642,5.74,19.0
A,1500,1.575,0.342,0.123,57.798,5.74,19.0
A,1550,1.585,0.354,0.123,57.127,5.74,19.0
A,1600,1.505,0.339,0.117,56.913,5.74,19.0
A,1650,1.491,0.339,0.115,56.697,5.74,19.0
A,1700,1.418,0.329,0.109,55.057,5.74,19.0
A,1750,1.401,0.327,0.107,52.385,5.74,19.0
A,1800,1.382,0.326,0.106,53.562,5.74,19.0
A,1850,1.359,0.32,0.104,54.494,5.74,18.0
A,1900,1.337,0.317,0.102,53.45,5.74,19.0
A,1950,1.28,0.311,0.097,50.858,5.74,19.0
A,2000,1.255,0.305,0.095,48.984,5.74,19.0
A,2050,1.233,0.295,0.094,51.0,5.74,19.0
A,2100,1.189,0.301,0.089,49.676,5.74,19.0
A,2150,1.188,0.302,0.089,52.209,5.74,19.0
A,2200,1.137,0.296,0.084,48.556,5.74,19.0
A,2250,1.149,0.293,0.086,50.118,5.74,19.0
A,2300,1.099,0.301,0.08,48.987,5.74,19.0
A,2350,1.098,0.297,0.08,48.5,5.74,19.0
A,2400,1.066,0.302,0.076,48.932,5.74,19.0
A,2450,1.044,0.294,0.075,46.768,5.74,19.0
A,2500,1.024,0.292,0.073,45.51,5.74,19.0
A,2550,0.975,0.28,0.07,44.605,5.74,19.0
A,2600,0.952,0.279,0.067,43.458,5.74,19.0
A,2650,0.957,0.288,0.067,45.02,5.74,19.0
A,2700,0.909,0.274,0.064,41.803,5.74,19.0
A,2750,0.9,0.276,0.062,42.911,5.74,19.0
A,2800,0.882,0.262,0.062,42.302,5.74,19.0
A,2850,0.863,0.272,0.059,42.378,5.74,19.0
A,2900,0.831,0.261,0.057,41.006,5.74,19.0
A,2950,0.823,0.27,0.055,40.677,5.74,18.0
A,3000,0.809,0.264,0.054,40.723,5.74,19.0
A,3050,0.8,0.266,0.053,40.793,5.74,19.0
A,3100,0.781,0.262,0.052,39.997,5.74,19.0
A,3150,0.751,0.26,0.049,38.525,5.74,19.0
A,3200,0.753,0.261,0.049,38.441,5.74,19.0
A,3250,0.745,0.272,0.047,38.234,5.74,19.0
A,3300,0.723,0.265,0.046,37.974,5.74,19.0
A,3350,0.71,0.261,0.045,38.522,5.74,18.0
A,3400,0.684,0.252,0.043,36.607,5.74,19.0
A,3450,0.67,0.249,0.042,36.673,5.73,17.0
A,3500,0.651,0.239,0.041,35.614,5.74,19.0
A,3550,0.665,0.251,0.041,35.957,5.74,19.0
A,3600,0.632,0.243,0.039,35.194,5.74,19.0
A,3650,0.623,0.246,0.038,33.736,5.74,19.0
A,3700,0.603,0.237,0.037,34.229,5.74,19.0
A,3750,0.6,0.238,0.036,32.771,5.74,19.0
A,3800,0.586,0.238,0.035,33.584,5.74,19.0
A,3850,0.573,0.239,0.033,32.442,5.74,19.0
A,3900,0.576,0.249,0.033,32.592,5.74,19.0
A,3950,0.56,0.237,0.032,32.511,5.74,19.0
A,4000,0.554,0.235,0.032,32.859,5.74,19.0
A,4050,0.536,0.225,0.031,32.555,5.74,18.0
A,4100,0.528,0.232,0.03,30.227,5.74,19.0
A,4150,0.518,0.226,0.029,31.656,5.74,19.0
A,4200,0.504,0.227,0.028,30.785,5.74,19.0
A,4250,0.522,0.239,0.028,31.907,5.74,19.0
A,4300,0.498,0.232,0.027,31.424,5.74,19.0
A,4350,0.483,0.226,0.026,29.987,5.74,19.0
A,4400,0.48,0.226,0.025,30.133,5.74,19.0
A,4450,0.474,0.228,0.025,29.822,5.74,18.0
A,4500,0.456,0.216,0.024,28.01,5.74,19.0
A,4550,0.464,0.225,0.024,29.031,5.74,19.0
A,4600,0.454,0.224,0.023,28.921,5.74,19.0
A,4650,0.437,0.215,0.022,28.219,5.74,19.0
A,4700,0.44,0.219,0.022,27.733,5.74,19.0
A,4750,0.434,0.217,0.022,27.734,5.74,19.0
A,4800,0.432,0.219,0.021,28.457,5.74,19.0
A,4850,0.416,0.211,0.02,26.386,5.74,19.0
A,4900,0.411,0.214,0.02,27.133,5.74,18.0
A,4950,0.407,0.21,0.02,26.741,5.74,19.0
A,5000,0.393,0.203,0.019,27.076,5.74,19.0
A,5050,0.404,0.212,0.019,26.298,5.74,19.0
A,5100,0.397,0.215,0.018,26.066,5.74,19.0
A,5150,0.391,0.207,0.018,25.798,5.74,19.0
A,5200,0.389,0.207,0.018,25.494,5.74,19.0
A,5250,0.38,0.208,0.017,26.143,5.74,19.0
A,5300,0.388,0.215,0.017,27.023,5.74,19.0
A,5350,0.378,0.209,0.017,26.13,5.74,19.0
A,5400,0.368,0.209,0.016,24.523,5.74,19.0
A,5450,0.375,0.21,0.016,26.048,5.74,19.0
A,5500,0.373,0.212,0.016,25.643,5.74,19.0
A,5550,0.352,0.197,0.016,23.951,5.74,19.0
A,5600,0.355,0.204,0.015,24.793,5.74,18.0
A,5650,0.352,0.207,0.015,25.02,5.74,19.0
A,5700,0.349,0.203,0.015,24.982,5.74,19.0
A,5750,0.35,0.202,0.015,24.568,5.74,19.0
A,5800,0.339,0.197,0.014,24.471,5.74,19.0
A,5850,0.343,0.207,0.014,22.961,5.74,19.0
A,5900,0.336,0.2,0.014,23.911,5.74,19.0
A,5950,0.325,0.193,0.013,24.218,5.74,19.0
A,6000,0.329,0.195,0.013,23.637,5.74,18.0
A,6050,0.325,0.193,0.013,24.082,5.74,19.0
A,6100,0.329,0.202,0.013,23.434,5.74,19.0
A,6150,0.333,0.205,0.013,24.525,5.74,19.0
A,6200,0.323,0.197,0.013,24.122,5.74,19.0
A,6250,0.317,0.198,0.012,22.828,5.74,19.0
A,6300,0.311,0.189,0.012,22.998,5.74,19.0
A,6350,0.314,0.195,0.012,23.255,5.74,19.0
A,6400,0.307,0.194,0.011,22.228,5.74,19.0
A,6450,0.305,0.191,0.011,22.945,5.74,19.0
A,6500,0.297,0.183,0.011,21.796,5.74,19.0
A,6550,0.299,0.186,0.011,21.376,5.74,19.0
A,6600,0.303,0.194,0.011,22.914,5.74,19.0
A,6650,0.291,0.187,0.01,21.812,5.74,19.0
A,6700,0.299,0.188,0.011,21.717,5.74,18.0
A,6750,0.297,0.19,0.011,22.264,5.74,19.0
A,6800,0.292,0.19,0.01,21.485,5.74,19.0
A,6850,0.284,0.18,0.01,21.057,5.74,19.0
A,6900,0.282,0.179,0.01,20.225,5.73,18.0
A,6950,0.282,0.18,0.01,21.159,5.74,19.0
A,7000,0.271,0.174,0.01,20.629,5.74,19.0
A,7050,0.271,0.173,0.01,20.419,5.74,19.0
A,7100,0.274,0.183,0.009,19.924,5.74,18.0
A,7150,0.274,0.179,0.009,21.07,5.74,19.0
A,7200,0.271,0.177,0.009,20.902,5.74,19.0
A,7250,0.275,0.183,0.009,20.754,5.74,19.0
A,7300,0.267,0.177,0.009,20.384,5.74,19.0
A,7350,0.263,0.178,0.008,19.625,5.74,19.0
A,7400,0.27,0.181,0.009,20.784,5.74,19.0
A,7450,0.264,0.18,0.008,19.455,5.74,19.0
A,7500,0.268,0.183,0.008,21.876,5.74,19.0
A,7550,0.266,0.175,0.009,20.26,5.74,19.0
A,7600,0.261,0.176,0.009,20.148,5.74,19.0
A,7650,0.263,0.177,0.009,21.172,5.74,19.0
A,7700,0.259,0.176,0.008,20.242,5.74,19.0
A,7750,0.254,0.174,0.008,19.633,5.74,19.0
A,7800,0.254,0.174,0.008,18.81,5.74,19.0
A,7850,0.255,0.175,0.008,19.951,5.74,19.0
A,7900,0.262,0.181,0.008,21.009,5.74,19.0
A,7950,0.254,0.171,0.008,20.084,5.74,19.0
A,8000,0.245,0.167,0.008,19.728,5.74,19.0
A,8050,0.247,0.17,0.008,19.117,5.74,19.0
A,8100,0.246,0.171,0.007,19.336,5.74,19.0
A,8150,0.247,0.172,0.007,19.614,5.74,19.0
A,8200,0.25,0.175,0.007,20.287,5.74,19.0
A,8250,0.244,0.17,0.007,19.648,5.74,19.0
A,8300,0.251,0.176,0.008,19.676,5.74,19.0
A,8350,0.24,0.167,0.007,18.113,5.74,19.0
A,8400,0.245,0.171,0.007,19.163,5.74,19.0
A,8450,0.246,0.176,0.007,19.639,5.74,19.0
A,8500,0.239,0.171,0.007,18.375,5.74,18.0
A,8550,0.231,0.162,0.007,18.639,5.74,19.0
A,8600,0.23,0.163,0.007,18.225,5.74,19.0
A,8650,0.235,0.168,0.007,18.943,5.74,19.0
A,8700,0.234,0.167,0.007,19.007,5.74,19.0
A,8750,0.239,0.171,0.007,19.43,5.74,19.0
A,8800,0.23,0.167,0.006,18.898,5.74,19.0
A,8850,0.231,0.162,0.007,17.843,5.74,19.0
A,8900,0.232,0.167,0.007,18.449,5.74,19.0
A,8950,0.227,0.163,0.006,18.153,5.74,19.0
A,9000,0.23,0.17,0.006,18.302,5.74,19.0
A,9050,0.224,0.163,0.006,17.933,5.74,19.0
A,9100,0.224,0.158,0.007,18.406,5.74,19.0
A,9150,0.227,0.166,0.006,18.417,5.74,19.0
A,9200,0.223,0.163,0.006,18.682,5.74,18.0
A,9250,0.219,0.16,0.006,18.146,5.74,19.0
A,9300,0.221,0.165,0.006,17.593,5.74,19.0
A,9350,0.22,0.165,0.006,17.867,5.74,19.0
A,9400,0.223,0.163,0.006,18.666,5.74,19.0
A,9450,0.217,0.159,0.006,17.17,5.74,19.0
A,9500,0.217,0.157,0.006,18.32,5.74,19.0
A,9550,0.217,0.161,0.006,17.537,5.74,19.0
A,9600,0.216,0.161,0.006,17.282,5.74,19.0
A,9650,0.212,0.159,0.005,16.942,5.74,18.0
A,9700,0.212,0.155,0.006,16.881,5.74,19.0
A,9750,0.215,0.161,0.005,17.665,5.74,19.0
A,9800,0.213,0.157,0.006,16.823,5.74,19.0
A,9850,0.21,0.156,0.005,16.835,5.74,19.0
A,9900,0.215,0.161,0.005,17.199,5.74,19.0
A,9950,0.212,0.162,0.005,17.001,5.74,19.0
A,10000,0.211,0.157,0.005,17.224,5.74,19.0
