step,loss,l1_loss,kld_loss,grdn,mem_gb,smp/s
50.0,13.943,0.844,1.31,280.319,5.73,15.0
100.0,4.875,0.68,0.419,129.982,5.74,18.0
150.0,3.989,0.6,0.339,107.702,5.74,18.0
200.0,3.651,0.593,0.306,100.382,5.74,18.0
250.0,3.201,0.545,0.266,89.251,5.74,18.0
300.0,3.118,0.549,0.257,86.977,5.74,19.0
350.0,2.924,0.53,0.239,82.775,5.74,19.0
400.0,2.753,0.509,0.224,79.719,5.74,19.0
450.0,2.668,0.528,0.214,75.994,5.74,19.0
500.0,2.626,0.503,0.212,78.956,5.74,19.0
550.0,2.535,0.503,0.203,77.125,5.74,19.0
600.0,2.385,0.486,0.19,72.326,5.74,19.0
650.0,2.407,0.506,0.19,71.765,5.74,19.0
700.0,2.337,0.508,0.183,69.134,5.74,19.0
750.0,2.245,0.483,0.176,69.728,5.74,19.0
800.0,2.17,0.468,0.17,67.486,5.74,19.0
850.0,2.12,0.472,0.165,68.083,5.74,19.0
900.0,2.022,0.429,0.159,64.545,5.74,19.0
950.0,2.018,0.448,0.157,65.015,5.74,19.0
1000.0,1.942,0.42,0.152,65.007,5.74,19.0
1050.0,1.887,0.417,0.147,63.191,5.74,19.0
1100.0,1.863,0.408,0.145,63.572,5.74,19.0
1150.0,1.839,0.4,0.144,62.982,5.74,18.0
1200.0,1.771,0.381,0.139,62.769,5.74,19.0
1250.0,1.697,0.374,0.132,59.373,5.74,19.0
1300.0,1.647,0.354,0.129,58.964,5.74,19.0
1350.0,1.632,0.362,0.127,59.91,5.74,19.0
1400.0,1.58,0.357,0.122,59.761,5.74,19.0
1450.0,1.536,0.353,0.118,58.048,5.74,19.0
1500.0,1.501,0.349,0.115,55.846,5.74,19.0
1550.0,1.502,0.351,0.115,57.406,5.74,19.0
1600.0,1.458,0.336,0.112,58.484,5.74,19.0
1650.0,1.432,0.346,0.109,57.339,5.74,19.0
1700.0,1.378,0.338,0.104,55.338,5.74,19.0
1750.0,1.335,0.323,0.101,54.208,5.74,19.0
1800.0,1.294,0.305,0.099,53.2,5.74,19.0
1850.0,1.319,0.326,0.099,54.691,5.74,19.0
1900.0,1.295,0.321,0.097,54.453,5.74,19.0
1950.0,1.243,0.31,0.093,51.374,5.74,19.0
2000.0,1.208,0.301,0.091,50.94,5.74,19.0
2050.0,1.183,0.295,0.089,51.393,5.74,19.0
2100.0,1.147,0.302,0.085,50.683,5.74,19.0
2150.0,1.147,0.309,0.084,52.514,5.74,19.0
2200.0,1.113,0.312,0.08,49.635,5.74,19.0
2250.0,1.072,0.29,0.078,48.431,5.74,18.0
2300.0,1.042,0.296,0.075,49.119,5.74,19.0
2350.0,1.066,0.302,0.076,48.769,5.74,19.0
2400.0,0.996,0.286,0.071,46.611,5.74,19.0
2450.0,0.971,0.268,0.07,46.624,5.74,19.0
2500.0,0.967,0.278,0.069,44.164,5.74,19.0
2550.0,0.942,0.299,0.064,44.436,5.74,19.0
2600.0,0.905,0.282,0.062,42.648,5.74,19.0
2650.0,0.92,0.288,0.063,45.468,5.74,19.0
2700.0,0.869,0.272,0.06,42.084,5.74,19.0
2750.0,0.866,0.276,0.059,43.279,5.74,19.0
2800.0,0.847,0.27,0.058,42.103,5.74,19.0
2850.0,0.819,0.271,0.055,41.107,5.74,19.0
2900.0,0.827,0.291,0.054,41.43,5.74,19.0
2950.0,0.771,0.253,0.052,40.717,5.74,19.0
3000.0,0.776,0.261,0.051,40.63,5.74,19.0
3050.0,0.761,0.265,0.05,40.102,5.74,19.0
3100.0,0.753,0.272,0.048,39.884,5.74,19.0
3150.0,0.72,0.264,0.046,38.663,5.74,19.0
3200.0,0.701,0.252,0.045,37.183,5.74,19.0
3250.0,0.681,0.247,0.043,37.32,5.74,19.0
3300.0,0.676,0.259,0.042,37.315,5.74,19.0
3350.0,0.663,0.249,0.041,37.255,5.74,18.0
3400.0,0.659,0.271,0.039,37.117,5.74,19.0
3450.0,0.643,0.253,0.039,37.33,5.74,19.0
3500.0,0.634,0.251,0.038,36.794,5.74,19.0
3550.0,0.627,0.249,0.038,36.23,5.74,19.0
3600.0,0.601,0.245,0.036,34.832,5.74,19.0
3650.0,0.573,0.235,0.034,34.113,5.74,19.0
3700.0,0.579,0.239,0.034,35.419,5.74,19.0
3750.0,0.575,0.25,0.033,33.589,5.74,19.0
3800.0,0.563,0.248,0.031,33.591,5.74,19.0
3850.0,0.549,0.247,0.03,32.765,5.74,19.0
3900.0,0.536,0.243,0.029,33.29,5.74,18.0
3950.0,0.525,0.24,0.028,32.929,5.74,18.0
4000.0,0.521,0.244,0.028,33.2,5.74,18.0
4050.0,0.514,0.245,0.027,32.173,5.74,18.0
4100.0,0.513,0.243,0.027,31.698,5.71,17.0
4150.0,0.493,0.232,0.026,31.0,5.74,18.0
4200.0,0.478,0.229,0.025,29.417,5.74,18.0
4250.0,0.481,0.237,0.024,29.801,5.74,18.0
4300.0,0.46,0.217,0.024,29.484,5.74,18.0
4350.0,0.454,0.216,0.024,28.658,5.74,18.0
4400.0,0.454,0.224,0.023,30.643,5.74,18.0
4450.0,0.453,0.234,0.022,28.971,5.74,18.0
4500.0,0.444,0.224,0.022,29.444,5.74,18.0
4550.0,0.445,0.235,0.021,29.924,5.74,18.0
4600.0,0.424,0.215,0.021,28.609,5.74,18.0
4650.0,0.417,0.215,0.02,27.44,5.74,18.0
4700.0,0.432,0.23,0.02,28.448,5.74,18.0
4750.0,0.417,0.225,0.019,27.585,5.74,18.0
4800.0,0.388,0.204,0.018,27.409,5.74,18.0
4850.0,0.398,0.216,0.018,27.758,5.74,18.0
4900.0,0.395,0.212,0.018,26.688,5.74,18.0
4950.0,0.396,0.225,0.017,25.6,5.74,18.0
5000.0,0.389,0.224,0.017,27.295,5.74,18.0
5050.0,0.373,0.209,0.016,26.817,5.74,18.0
5100.0,0.37,0.214,0.016,25.726,5.74,18.0
5150.0,0.373,0.222,0.015,25.704,5.74,18.0
5200.0,0.367,0.207,0.016,26.446,5.74,18.0
5250.0,0.353,0.2,0.015,26.099,5.74,18.0
5300.0,0.356,0.209,0.015,24.936,5.74,18.0
5350.0,0.358,0.214,0.014,24.761,5.74,18.0
5400.0,0.353,0.204,0.015,24.575,5.74,18.0
5450.0,0.355,0.206,0.015,26.03,5.74,18.0
5500.0,0.349,0.208,0.014,26.116,5.74,18.0
5550.0,0.338,0.201,0.014,24.741,5.74,18.0
5600.0,0.347,0.217,0.013,24.506,5.74,18.0
5650.0,0.334,0.208,0.013,25.32,5.74,18.0
5700.0,0.338,0.206,0.013,24.036,5.74,18.0
5750.0,0.334,0.207,0.013,24.357,5.74,18.0
5800.0,0.318,0.199,0.012,23.772,5.74,18.0
5850.0,0.333,0.21,0.012,23.957,5.74,19.0
5900.0,0.328,0.207,0.012,23.806,5.74,18.0
5950.0,0.314,0.194,0.012,22.951,5.74,18.0
6000.0,0.327,0.204,0.012,23.429,5.74,18.0
6050.0,0.302,0.19,0.011,22.909,5.74,18.0
6100.0,0.308,0.196,0.011,23.73,5.74,18.0
6150.0,0.345,0.222,0.012,25.631,5.74,18.0
6200.0,0.32,0.204,0.012,24.278,5.74,18.0
6250.0,0.314,0.208,0.011,22.804,5.74,18.0
6300.0,0.305,0.202,0.01,21.798,5.74,18.0
6350.0,0.304,0.196,0.011,23.608,5.74,18.0
6400.0,0.305,0.203,0.01,22.803,5.74,18.0
6450.0,0.284,0.187,0.01,23.013,5.74,18.0
6500.0,0.298,0.194,0.01,23.497,5.74,18.0
6550.0,0.299,0.198,0.01,21.606,5.74,18.0
6600.0,0.288,0.192,0.01,21.824,5.74,18.0
6650.0,0.29,0.2,0.009,21.854,5.74,18.0
6700.0,0.29,0.194,0.01,23.452,5.74,18.0
6750.0,0.28,0.186,0.009,21.334,5.74,18.0
6800.0,0.29,0.193,0.01,21.145,5.74,18.0
6850.0,0.291,0.201,0.009,21.47,5.74,18.0
6900.0,0.286,0.194,0.009,22.799,5.74,18.0
6950.0,0.278,0.183,0.009,22.14,5.74,18.0
7000.0,0.279,0.189,0.009,20.633,5.74,19.0
7050.0,0.284,0.195,0.009,22.515,5.74,19.0
7100.0,0.272,0.185,0.009,21.487,5.74,18.0
7150.0,0.264,0.178,0.009,20.624,5.74,18.0
7200.0,0.258,0.176,0.008,20.845,5.74,18.0
7250.0,0.274,0.19,0.008,21.282,5.74,18.0
7300.0,0.263,0.18,0.008,20.259,5.74,18.0
7350.0,0.255,0.174,0.008,20.299,5.74,18.0
7400.0,0.266,0.186,0.008,20.921,5.74,18.0
7450.0,0.261,0.182,0.008,19.796,5.74,18.0
7500.0,0.252,0.177,0.007,19.897,5.74,18.0
7550.0,0.259,0.184,0.008,19.895,5.74,19.0
7600.0,0.258,0.182,0.008,19.762,5.74,18.0
7650.0,0.256,0.184,0.007,19.412,5.74,18.0
7700.0,0.253,0.182,0.007,20.307,5.74,19.0
7750.0,0.248,0.176,0.007,20.076,5.74,19.0
7800.0,0.252,0.184,0.007,18.723,5.74,19.0
7850.0,0.255,0.186,0.007,20.83,5.74,18.0
7900.0,0.254,0.183,0.007,21.368,5.74,18.0
7950.0,0.254,0.183,0.007,19.973,5.74,18.0
8000.0,0.242,0.174,0.007,19.067,5.74,18.0
8050.0,0.253,0.181,0.007,19.325,5.74,18.0
8100.0,0.248,0.176,0.007,20.336,5.74,18.0
8150.0,0.24,0.174,0.007,19.424,5.7,19.0
8200.0,0.237,0.171,0.007,19.578,5.74,18.0
8250.0,0.25,0.184,0.007,19.825,5.74,19.0
8300.0,0.242,0.179,0.006,19.836,5.74,19.0
8350.0,0.235,0.17,0.006,19.733,5.74,19.0
8400.0,0.23,0.165,0.006,18.34,5.74,19.0
8450.0,0.229,0.166,0.006,18.593,5.74,19.0
8500.0,0.235,0.173,0.006,19.273,5.74,19.0
8550.0,0.227,0.165,0.006,18.507,5.74,19.0
8600.0,0.245,0.18,0.006,18.877,5.74,19.0
8650.0,0.224,0.167,0.006,19.311,5.74,19.0
8700.0,0.237,0.177,0.006,18.936,5.74,19.0
8750.0,0.226,0.16,0.007,18.993,5.74,18.0
8800.0,0.228,0.168,0.006,18.511,5.74,19.0
8850.0,0.223,0.164,0.006,19.486,5.74,19.0
8900.0,0.233,0.176,0.006,18.575,5.74,19.0
8950.0,0.226,0.168,0.006,18.207,5.74,19.0
9000.0,0.227,0.167,0.006,18.902,5.74,19.0
9050.0,0.227,0.173,0.005,18.553,5.74,19.0
9100.0,0.225,0.169,0.006,18.439,5.74,19.0
9150.0,0.224,0.17,0.005,19.464,5.74,18.0
9200.0,0.216,0.158,0.006,19.607,5.74,19.0
9250.0,0.214,0.16,0.005,17.992,5.74,19.0
9300.0,0.212,0.16,0.005,18.274,5.74,19.0
9350.0,0.215,0.161,0.005,19.22,5.74,19.0
9400.0,0.228,0.174,0.005,19.973,5.74,19.0
9450.0,0.222,0.168,0.005,19.264,5.74,19.0
9500.0,0.214,0.162,0.005,17.08,5.74,19.0
9550.0,0.216,0.162,0.005,17.838,5.74,18.0
9600.0,0.218,0.167,0.005,18.768,5.74,19.0
9650.0,0.21,0.16,0.005,17.701,5.74,19.0
9700.0,0.216,0.165,0.005,18.477,5.74,19.0
9750.0,0.211,0.158,0.005,18.261,5.74,19.0
9800.0,0.216,0.161,0.006,18.213,5.74,19.0
9850.0,0.209,0.159,0.005,20.341,5.74,19.0
9900.0,0.206,0.156,0.005,18.06,5.74,19.0
9950.0,0.198,0.149,0.005,16.712,5.74,19.0
10000.0,0.216,0.166,0.005,18.352,5.74,19.0
10050.0,0.213,0.162,0.005,17.499,5.74,19.0
10100.0,0.214,0.166,0.005,16.735,5.74,19.0
10150.0,0.213,0.166,0.005,17.54,5.74,19.0
10200.0,0.206,0.159,0.005,16.486,5.74,19.0
10250.0,0.21,0.162,0.005,17.428,5.74,18.0
10300.0,0.205,0.161,0.004,16.292,5.74,19.0
10350.0,0.211,0.161,0.005,18.652,5.74,19.0
10400.0,0.204,0.158,0.005,17.132,5.74,19.0
10450.0,0.191,0.15,0.004,16.897,5.74,19.0
10500.0,0.205,0.162,0.004,16.978,5.74,19.0
10550.0,0.197,0.15,0.005,17.305,5.74,19.0
10600.0,0.2,0.155,0.004,17.793,5.74,19.0
10650.0,0.194,0.15,0.004,16.848,5.74,18.0
10700.0,0.203,0.16,0.004,17.033,5.74,19.0
10750.0,0.21,0.169,0.004,17.885,5.74,19.0
10800.0,0.202,0.162,0.004,19.553,5.74,19.0
10850.0,0.204,0.162,0.004,17.432,5.74,19.0
10900.0,0.193,0.152,0.004,18.56,5.74,19.0
10950.0,0.197,0.154,0.004,16.663,5.74,19.0
11000.0,0.201,0.158,0.004,18.456,5.74,19.0
11050.0,0.181,0.142,0.004,15.343,5.74,19.0
11100.0,0.192,0.151,0.004,15.982,5.74,19.0
11150.0,0.206,0.162,0.004,17.384,5.74,19.0
11200.0,0.193,0.153,0.004,17.901,5.74,19.0
11250.0,0.197,0.156,0.004,16.567,5.74,19.0
11300.0,0.193,0.152,0.004,16.6,5.74,19.0
11350.0,0.195,0.154,0.004,18.247,5.74,18.0
11400.0,0.195,0.156,0.004,16.361,5.74,19.0
11450.0,0.191,0.152,0.004,16.215,5.74,19.0
11500.0,0.194,0.153,0.004,16.803,5.74,19.0
11550.0,0.192,0.151,0.004,16.657,5.74,19.0
11600.0,0.188,0.15,0.004,16.28,5.74,19.0
11650.0,0.194,0.155,0.004,16.851,5.74,19.0
11700.0,0.188,0.15,0.004,16.314,5.74,19.0
11750.0,0.188,0.151,0.004,16.813,5.74,19.0
11800.0,0.187,0.15,0.004,17.187,5.74,19.0
11850.0,0.197,0.16,0.004,18.721,5.74,19.0
11900.0,0.184,0.148,0.004,15.319,5.74,19.0
11950.0,0.187,0.152,0.003,17.171,5.74,19.0
12000.0,0.188,0.152,0.004,17.231,5.74,19.0
12050.0,0.189,0.152,0.004,15.694,5.74,18.0
12100.0,0.184,0.15,0.003,16.356,5.74,19.0
12150.0,0.185,0.15,0.003,15.541,5.74,19.0
12200.0,0.186,0.151,0.004,17.216,5.74,19.0
12250.0,0.179,0.146,0.003,16.331,5.7,18.0
12300.0,0.175,0.14,0.004,16.075,5.74,19.0
12350.0,0.181,0.145,0.004,16.244,5.74,19.0
12400.0,0.178,0.144,0.003,15.198,5.74,19.0
12450.0,0.18,0.146,0.003,15.35,5.74,18.0
12500.0,0.174,0.141,0.003,15.513,5.74,19.0
12550.0,0.165,0.13,0.003,15.105,5.74,19.0
12600.0,0.175,0.142,0.003,15.396,5.74,19.0
12650.0,0.172,0.14,0.003,14.647,5.74,19.0
12700.0,0.181,0.146,0.004,15.612,5.74,19.0
12750.0,0.179,0.148,0.003,14.823,5.74,19.0
12800.0,0.187,0.15,0.004,16.672,5.74,19.0
12850.0,0.177,0.146,0.003,16.449,5.74,18.0
12900.0,0.173,0.14,0.003,15.988,5.74,19.0
12950.0,0.18,0.143,0.004,16.646,5.74,19.0
13000.0,0.176,0.144,0.003,15.282,5.74,19.0
13050.0,0.176,0.145,0.003,15.204,5.74,19.0
13100.0,0.17,0.14,0.003,15.7,5.74,19.0
13150.0,0.17,0.138,0.003,15.66,5.74,19.0
13200.0,0.167,0.136,0.003,15.076,5.74,19.0
13250.0,0.173,0.14,0.003,14.64,5.74,18.0
13300.0,0.176,0.143,0.003,16.576,5.74,19.0
13350.0,0.165,0.135,0.003,14.668,5.74,19.0
13400.0,0.174,0.142,0.003,15.05,5.74,19.0
13450.0,0.162,0.133,0.003,14.554,5.74,19.0
13500.0,0.166,0.138,0.003,16.158,5.74,19.0
13550.0,0.165,0.137,0.003,14.445,5.74,19.0
13600.0,0.169,0.14,0.003,15.54,5.74,19.0
13650.0,0.168,0.139,0.003,15.967,5.74,19.0
13700.0,0.166,0.136,0.003,15.142,5.74,19.0
13750.0,0.165,0.137,0.003,14.074,5.74,19.0
13800.0,0.166,0.136,0.003,14.655,5.74,19.0
13850.0,0.181,0.151,0.003,16.49,5.74,19.0
13900.0,0.168,0.138,0.003,15.514,5.74,19.0
13950.0,0.171,0.142,0.003,15.385,5.74,18.0
14000.0,0.165,0.136,0.003,15.053,5.74,19.0
14050.0,0.17,0.142,0.003,15.715,5.74,19.0
14100.0,0.165,0.138,0.003,14.845,5.74,19.0
14150.0,0.165,0.137,0.003,14.879,5.74,19.0
14200.0,0.165,0.136,0.003,16.394,5.74,19.0
14250.0,0.165,0.136,0.003,14.707,5.74,19.0
14300.0,0.164,0.136,0.003,14.487,5.74,19.0
14350.0,0.164,0.139,0.003,14.934,5.74,19.0
14400.0,0.158,0.13,0.003,15.194,5.74,19.0
14450.0,0.156,0.128,0.003,14.865,5.74,19.0
14500.0,0.163,0.137,0.003,14.994,5.74,19.0
14550.0,0.159,0.133,0.003,14.624,5.74,19.0
14600.0,0.17,0.147,0.002,14.516,5.74,19.0
14650.0,0.164,0.136,0.003,14.555,5.74,19.0
14700.0,0.169,0.139,0.003,14.501,5.74,18.0
14750.0,0.158,0.131,0.003,13.938,5.74,19.0
14800.0,0.164,0.136,0.003,14.141,5.74,19.0
14850.0,0.157,0.133,0.002,15.123,5.74,19.0
14900.0,0.16,0.134,0.003,15.125,5.74,19.0
14950.0,0.156,0.131,0.003,14.493,5.74,19.0
15000.0,0.161,0.136,0.002,12.994,5.74,19.0
15050.0,0.158,0.133,0.003,13.898,5.74,19.0
15100.0,0.162,0.136,0.003,14.609,5.74,19.0
15150.0,0.152,0.128,0.002,14.532,5.74,19.0
15200.0,0.155,0.13,0.002,14.002,5.74,19.0
15250.0,0.153,0.129,0.002,13.661,5.74,19.0
15300.0,0.167,0.141,0.003,14.682,5.74,19.0
15350.0,0.152,0.129,0.002,12.714,5.74,19.0
15400.0,0.158,0.131,0.003,15.247,5.74,19.0
15450.0,0.152,0.128,0.002,14.031,5.74,19.0
15500.0,0.156,0.133,0.002,13.622,5.74,19.0
15550.0,0.152,0.129,0.002,13.718,5.74,19.0
15600.0,0.158,0.134,0.002,14.906,5.74,19.0
15650.0,0.152,0.13,0.002,13.838,5.74,19.0
15700.0,0.151,0.125,0.003,13.7,5.74,19.0
15750.0,0.155,0.131,0.002,14.842,5.74,18.0
15800.0,0.151,0.128,0.002,13.629,5.74,19.0
15850.0,0.16,0.139,0.002,14.454,5.74,19.0
15900.0,0.152,0.131,0.002,13.508,5.74,19.0
15950.0,0.151,0.128,0.002,13.43,5.74,19.0
16000.0,0.151,0.13,0.002,12.888,5.74,19.0
16050.0,0.147,0.125,0.002,13.396,5.74,19.0
16100.0,0.155,0.133,0.002,13.431,5.74,19.0
16150.0,0.156,0.131,0.002,13.55,5.74,19.0
16200.0,0.153,0.131,0.002,14.16,5.74,19.0
16250.0,0.158,0.136,0.002,15.238,5.74,19.0
16300.0,0.141,0.119,0.002,13.413,5.7,19.0
16350.0,0.146,0.124,0.002,13.841,5.74,18.0
16400.0,0.147,0.126,0.002,12.996,5.74,19.0
16450.0,0.145,0.124,0.002,13.65,5.74,19.0
16500.0,0.147,0.124,0.002,14.562,5.74,18.0
16550.0,0.142,0.119,0.002,13.531,5.74,19.0
16600.0,0.143,0.121,0.002,13.836,5.74,19.0
16650.0,0.152,0.132,0.002,13.46,5.74,19.0
16700.0,0.141,0.119,0.002,13.174,5.74,19.0
16750.0,0.146,0.127,0.002,14.25,5.74,19.0
16800.0,0.151,0.132,0.002,13.995,5.74,19.0
16850.0,0.148,0.127,0.002,14.19,5.74,19.0
16900.0,0.145,0.124,0.002,13.192,5.74,18.0
16950.0,0.145,0.124,0.002,13.723,5.74,19.0
17000.0,0.148,0.126,0.002,14.2,5.74,19.0
17050.0,0.145,0.124,0.002,13.486,5.74,19.0
17100.0,0.134,0.114,0.002,12.854,5.74,19.0
17150.0,0.141,0.12,0.002,13.499,5.74,19.0
17200.0,0.153,0.132,0.002,13.862,5.74,19.0
17250.0,0.147,0.126,0.002,14.664,5.74,19.0
17300.0,0.147,0.127,0.002,14.253,5.74,19.0
17350.0,0.145,0.124,0.002,13.513,5.74,19.0
17400.0,0.14,0.12,0.002,13.324,5.74,19.0
17450.0,0.148,0.128,0.002,14.441,5.74,19.0
17500.0,0.14,0.122,0.002,13.124,5.74,19.0
17550.0,0.143,0.125,0.002,13.566,5.74,19.0
17600.0,0.144,0.127,0.002,13.041,5.74,18.0
17650.0,0.135,0.117,0.002,12.423,5.74,19.0
17700.0,0.143,0.125,0.002,14.357,5.74,19.0
17750.0,0.135,0.116,0.002,13.364,5.74,19.0
17800.0,0.145,0.124,0.002,13.98,5.74,19.0
17850.0,0.145,0.127,0.002,12.508,5.74,19.0
17900.0,0.138,0.117,0.002,13.841,5.74,19.0
17950.0,0.14,0.121,0.002,12.62,5.74,19.0
18000.0,0.144,0.126,0.002,15.124,5.74,19.0
18050.0,0.137,0.12,0.002,12.352,5.74,19.0
18100.0,0.143,0.123,0.002,13.903,5.74,19.0
18150.0,0.145,0.126,0.002,13.796,5.74,19.0
18200.0,0.141,0.124,0.002,14.042,5.74,19.0
18250.0,0.143,0.126,0.002,12.524,5.74,19.0
18300.0,0.138,0.121,0.002,13.197,5.74,19.0
18350.0,0.141,0.124,0.002,12.187,5.74,19.0
18400.0,0.14,0.123,0.002,13.039,5.74,19.0
18450.0,0.145,0.128,0.002,13.379,5.74,19.0
18500.0,0.137,0.119,0.002,13.187,5.74,19.0
18550.0,0.137,0.118,0.002,12.419,5.74,18.0
18600.0,0.144,0.126,0.002,11.814,5.74,19.0
18650.0,0.138,0.121,0.002,11.261,5.74,19.0
18700.0,0.134,0.117,0.002,12.873,5.74,19.0
18750.0,0.139,0.122,0.002,12.864,5.74,19.0
18800.0,0.131,0.114,0.002,12.04,5.74,19.0
18850.0,0.143,0.126,0.002,12.132,5.74,19.0
18900.0,0.129,0.113,0.002,12.397,5.74,19.0
18950.0,0.144,0.128,0.002,13.441,5.74,19.0
19000.0,0.141,0.124,0.002,13.891,5.74,18.0
19050.0,0.128,0.112,0.002,12.466,5.74,19.0
19100.0,0.133,0.117,0.002,12.957,5.74,19.0
19150.0,0.132,0.117,0.001,13.471,5.74,19.0
19200.0,0.14,0.124,0.002,13.209,5.74,19.0
19250.0,0.14,0.123,0.002,13.85,5.74,19.0
19300.0,0.134,0.119,0.002,12.799,5.74,19.0
19350.0,0.13,0.113,0.002,12.294,5.74,19.0
19400.0,0.134,0.116,0.002,14.325,5.74,18.0
19450.0,0.135,0.119,0.002,12.909,5.74,19.0
19500.0,0.135,0.12,0.001,12.865,5.74,19.0
19550.0,0.135,0.119,0.002,13.368,5.74,19.0
19600.0,0.134,0.115,0.002,13.032,5.74,19.0
19650.0,0.127,0.111,0.002,11.862,5.74,19.0
19700.0,0.133,0.117,0.002,12.656,5.74,19.0
19750.0,0.129,0.112,0.002,12.965,5.74,19.0
19800.0,0.131,0.116,0.002,12.141,5.74,19.0
19850.0,0.132,0.114,0.002,12.726,5.74,19.0
19900.0,0.132,0.118,0.001,12.276,5.74,19.0
19950.0,0.131,0.116,0.002,11.462,5.74,19.0
20000.0,0.134,0.119,0.002,12.971,5.74,19.0
20050.0,0.137,0.121,0.002,13.66,5.74,19.0
20100.0,0.129,0.115,0.001,12.825,5.74,19.0
20150.0,0.13,0.116,0.001,11.514,5.74,19.0
20200.0,0.128,0.113,0.001,12.925,5.74,19.0
20250.0,0.136,0.121,0.002,12.307,5.74,19.0
20300.0,0.129,0.112,0.002,12.079,5.74,19.0
20350.0,0.135,0.119,0.002,13.282,5.74,19.0
20400.0,0.127,0.111,0.002,12.679,5.7,18.0
20450.0,0.134,0.12,0.001,11.954,5.74,19.0
20500.0,0.124,0.11,0.001,12.374,5.74,19.0
20550.0,0.13,0.117,0.001,12.263,5.74,19.0
20600.0,0.126,0.112,0.001,12.708,5.74,19.0
20650.0,0.132,0.117,0.002,13.377,5.74,19.0
20700.0,0.129,0.116,0.001,12.171,5.74,19.0
20750.0,0.129,0.115,0.001,11.223,5.74,19.0
20800.0,0.128,0.114,0.001,12.357,5.74,19.0
20850.0,0.129,0.115,0.001,12.475,5.74,19.0
20900.0,0.129,0.113,0.002,12.113,5.74,19.0
20950.0,0.128,0.114,0.001,13.007,5.74,19.0
21000.0,0.125,0.111,0.001,12.556,5.74,19.0
21050.0,0.129,0.115,0.001,12.77,5.74,19.0
21100.0,0.118,0.105,0.001,11.73,5.74,19.0
21150.0,0.126,0.113,0.001,11.721,5.74,19.0
21200.0,0.128,0.114,0.001,12.34,5.74,18.0
21250.0,0.127,0.113,0.001,12.165,5.74,19.0
21300.0,0.13,0.117,0.001,11.387,5.74,19.0
21350.0,0.125,0.111,0.001,11.88,5.74,19.0
21400.0,0.128,0.116,0.001,12.422,5.74,19.0
21450.0,0.118,0.104,0.001,12.075,5.74,19.0
21500.0,0.125,0.11,0.001,11.535,5.74,19.0
21550.0,0.123,0.11,0.001,11.489,5.74,19.0
21600.0,0.12,0.107,0.001,11.942,5.74,19.0
21650.0,0.124,0.112,0.001,11.626,5.74,19.0
21700.0,0.121,0.109,0.001,11.95,5.74,19.0
21750.0,0.124,0.111,0.001,12.221,5.74,19.0
21800.0,0.126,0.112,0.001,12.889,5.74,19.0
21850.0,0.118,0.105,0.001,11.917,5.74,19.0
21900.0,0.123,0.112,0.001,11.459,5.74,19.0
21950.0,0.124,0.112,0.001,11.69,5.74,18.0
22000.0,0.125,0.112,0.001,12.172,5.74,19.0
22050.0,0.116,0.103,0.001,11.792,5.74,19.0
22100.0,0.125,0.113,0.001,11.339,5.74,19.0
22150.0,0.126,0.112,0.001,11.429,5.74,19.0
22200.0,0.126,0.112,0.001,12.617,5.74,19.0
22250.0,0.129,0.117,0.001,12.885,5.74,19.0
22300.0,0.122,0.109,0.001,13.101,5.74,19.0
22350.0,0.124,0.111,0.001,11.956,5.74,18.0
22400.0,0.128,0.117,0.001,13.749,5.74,19.0
22450.0,0.124,0.112,0.001,11.483,5.74,19.0
22500.0,0.122,0.11,0.001,11.858,5.74,19.0
22550.0,0.122,0.109,0.001,11.638,5.74,19.0
22600.0,0.117,0.106,0.001,12.292,5.74,19.0
22650.0,0.125,0.113,0.001,11.28,5.74,19.0
22700.0,0.125,0.113,0.001,12.245,5.74,19.0
22750.0,0.122,0.11,0.001,12.924,5.74,19.0
22800.0,0.118,0.106,0.001,10.873,5.74,19.0
22850.0,0.126,0.114,0.001,12.175,5.74,19.0
22900.0,0.122,0.11,0.001,11.515,5.74,19.0
22950.0,0.125,0.113,0.001,12.123,5.74,19.0
23000.0,0.121,0.108,0.001,11.175,5.74,19.0
23050.0,0.121,0.109,0.001,13.088,5.74,19.0
23100.0,0.122,0.111,0.001,11.721,5.74,19.0
23150.0,0.129,0.117,0.001,12.547,5.74,19.0
23200.0,0.127,0.116,0.001,11.936,5.74,19.0
23250.0,0.119,0.106,0.001,11.545,5.74,19.0
23300.0,0.118,0.106,0.001,11.239,5.74,19.0
23350.0,0.112,0.102,0.001,10.493,5.74,19.0
23400.0,0.119,0.107,0.001,11.988,5.74,19.0
23450.0,0.117,0.106,0.001,11.004,5.74,18.0
23500.0,0.114,0.103,0.001,10.641,5.74,19.0
23550.0,0.117,0.106,0.001,11.417,5.74,19.0
23600.0,0.117,0.106,0.001,11.207,5.74,19.0
23650.0,0.12,0.109,0.001,10.957,5.74,19.0
23700.0,0.122,0.112,0.001,11.809,5.74,19.0
23750.0,0.117,0.107,0.001,11.222,5.74,19.0
23800.0,0.12,0.107,0.001,11.025,5.74,19.0
23850.0,0.117,0.106,0.001,11.294,5.74,18.0
23900.0,0.116,0.106,0.001,11.714,5.74,19.0
23950.0,0.115,0.105,0.001,11.433,5.74,19.0
24000.0,0.12,0.11,0.001,11.894,5.74,19.0
24050.0,0.121,0.11,0.001,12.438,5.74,19.0
24100.0,0.12,0.11,0.001,13.269,5.74,19.0
24150.0,0.12,0.109,0.001,11.006,5.74,19.0
24200.0,0.117,0.107,0.001,11.649,5.74,19.0
24250.0,0.117,0.106,0.001,11.666,5.74,18.0
24300.0,0.115,0.105,0.001,10.851,5.74,19.0
24350.0,0.122,0.111,0.001,12.65,5.74,19.0
24400.0,0.116,0.106,0.001,12.519,5.74,19.0
24450.0,0.117,0.107,0.001,11.823,5.7,19.0
24500.0,0.113,0.103,0.001,11.064,5.74,18.0
24550.0,0.114,0.104,0.001,10.625,5.74,19.0
24600.0,0.123,0.113,0.001,11.002,5.74,19.0
24650.0,0.116,0.106,0.001,11.635,5.74,19.0
24700.0,0.113,0.104,0.001,10.829,5.74,19.0
24750.0,0.114,0.103,0.001,11.155,5.74,19.0
24800.0,0.116,0.105,0.001,10.8,5.74,19.0
24850.0,0.114,0.105,0.001,11.356,5.74,19.0
24900.0,0.111,0.101,0.001,11.182,5.74,19.0
24950.0,0.112,0.102,0.001,10.749,5.74,19.0
25000.0,0.114,0.105,0.001,10.588,5.74,19.0
25050.0,0.11,0.101,0.001,11.597,5.74,19.0
25100.0,0.111,0.1,0.001,10.488,5.74,19.0
25150.0,0.112,0.103,0.001,11.891,5.74,19.0
25200.0,0.116,0.106,0.001,10.745,5.74,19.0
25250.0,0.113,0.104,0.001,10.723,5.74,19.0
25300.0,0.115,0.104,0.001,11.555,5.74,19.0
25350.0,0.111,0.101,0.001,10.851,5.74,19.0
25400.0,0.111,0.102,0.001,10.701,5.74,19.0
25450.0,0.11,0.101,0.001,10.788,5.74,19.0
25500.0,0.112,0.103,0.001,11.143,5.74,19.0
25550.0,0.111,0.102,0.001,10.876,5.74,19.0
25600.0,0.114,0.104,0.001,12.216,5.74,19.0
25650.0,0.111,0.101,0.001,10.748,5.74,19.0
25700.0,0.111,0.101,0.001,10.402,5.74,19.0
25750.0,0.117,0.108,0.001,10.441,5.74,19.0
25800.0,0.106,0.096,0.001,10.475,5.74,19.0
25850.0,0.11,0.101,0.001,11.244,5.74,19.0
25900.0,0.113,0.104,0.001,11.108,5.74,19.0
25950.0,0.112,0.103,0.001,11.748,5.74,19.0
26000.0,0.113,0.104,0.001,11.246,5.74,19.0
26050.0,0.116,0.107,0.001,12.061,5.74,18.0
26100.0,0.108,0.099,0.001,11.131,5.74,19.0
26150.0,0.115,0.105,0.001,10.883,5.74,19.0
26200.0,0.112,0.103,0.001,10.202,5.74,19.0
26250.0,0.109,0.1,0.001,10.356,5.74,19.0
26300.0,0.108,0.1,0.001,10.925,5.74,19.0
26350.0,0.109,0.101,0.001,10.584,5.74,19.0
26400.0,0.111,0.103,0.001,10.206,5.74,19.0
26450.0,0.111,0.103,0.001,9.259,5.74,19.0
26500.0,0.111,0.102,0.001,10.882,5.74,19.0
26550.0,0.11,0.102,0.001,10.187,5.74,19.0
26600.0,0.113,0.105,0.001,10.665,5.74,19.0
26650.0,0.115,0.106,0.001,10.711,5.74,19.0
26700.0,0.114,0.106,0.001,10.094,5.74,19.0
26750.0,0.111,0.103,0.001,11.0,5.74,19.0
26800.0,0.104,0.096,0.001,10.274,5.74,19.0
26850.0,0.108,0.099,0.001,10.113,5.74,19.0
26900.0,0.118,0.109,0.001,11.626,5.74,19.0
26950.0,0.107,0.098,0.001,10.879,5.74,19.0
27000.0,0.109,0.101,0.001,9.897,5.74,19.0
27050.0,0.11,0.101,0.001,10.026,5.74,19.0
27100.0,0.108,0.099,0.001,10.327,5.74,19.0
27150.0,0.118,0.109,0.001,11.309,5.74,18.0
27200.0,0.109,0.101,0.001,10.495,5.74,19.0
27250.0,0.106,0.097,0.001,11.32,5.74,19.0
27300.0,0.109,0.101,0.001,11.054,5.74,19.0
27350.0,0.111,0.103,0.001,10.61,5.74,19.0
27400.0,0.108,0.1,0.001,10.499,5.74,19.0
27450.0,0.114,0.104,0.001,10.189,5.74,19.0
27500.0,0.111,0.101,0.001,10.903,5.74,19.0
27550.0,0.109,0.1,0.001,11.224,5.74,19.0
27600.0,0.109,0.101,0.001,11.169,5.74,19.0
27650.0,0.108,0.1,0.001,10.641,5.74,19.0
27700.0,0.11,0.102,0.001,9.865,5.74,19.0
27750.0,0.106,0.097,0.001,11.026,5.74,19.0
27800.0,0.107,0.099,0.001,10.674,5.74,19.0
27850.0,0.113,0.104,0.001,11.14,5.74,19.0
27900.0,0.105,0.097,0.001,10.429,5.74,19.0
27950.0,0.108,0.099,0.001,10.377,5.74,19.0
28000.0,0.106,0.098,0.001,9.966,5.74,19.0
28050.0,0.109,0.101,0.001,10.354,5.74,19.0
28100.0,0.106,0.099,0.001,10.781,5.74,19.0
28150.0,0.109,0.102,0.001,10.28,5.74,19.0
28200.0,0.112,0.103,0.001,10.113,5.74,19.0
28250.0,0.111,0.103,0.001,12.093,5.74,19.0
28300.0,0.104,0.097,0.001,9.613,5.74,18.0
28350.0,0.106,0.098,0.001,10.722,5.74,19.0
28400.0,0.109,0.101,0.001,10.837,5.74,19.0
28450.0,0.103,0.095,0.001,9.742,5.74,19.0
28500.0,0.108,0.101,0.001,11.195,5.74,19.0
28550.0,0.104,0.096,0.001,10.227,5.7,19.0
28600.0,0.104,0.096,0.001,9.628,5.74,19.0
28650.0,0.105,0.098,0.001,9.644,5.74,19.0
28700.0,0.102,0.094,0.001,10.714,5.74,19.0
28750.0,0.108,0.1,0.001,9.962,5.74,19.0
28800.0,0.104,0.095,0.001,10.172,5.74,19.0
28850.0,0.103,0.096,0.001,10.423,5.74,19.0
28900.0,0.106,0.098,0.001,9.637,5.74,19.0
28950.0,0.102,0.095,0.001,9.385,5.74,19.0
29000.0,0.106,0.098,0.001,11.517,5.74,18.0
29050.0,0.102,0.095,0.001,10.007,5.74,19.0
29100.0,0.102,0.095,0.001,10.585,5.74,19.0
29150.0,0.103,0.095,0.001,10.357,5.74,19.0
29200.0,0.102,0.094,0.001,10.204,5.74,19.0
29250.0,0.106,0.099,0.001,9.945,5.74,19.0
29300.0,0.103,0.096,0.001,10.161,5.74,19.0
29350.0,0.101,0.095,0.001,9.557,5.74,19.0
29400.0,0.102,0.095,0.001,10.41,5.74,19.0
29450.0,0.108,0.101,0.001,9.877,5.74,19.0
29500.0,0.105,0.096,0.001,10.853,5.74,19.0
29550.0,0.105,0.097,0.001,10.359,5.74,19.0
29600.0,0.1,0.093,0.001,9.855,5.74,19.0
29650.0,0.102,0.095,0.001,10.071,5.74,19.0
29700.0,0.101,0.094,0.001,10.473,5.74,19.0
29750.0,0.107,0.1,0.001,10.188,5.74,19.0
29800.0,0.106,0.099,0.001,10.83,5.74,19.0
29850.0,0.102,0.095,0.001,9.547,5.74,19.0
29900.0,0.1,0.093,0.001,9.616,5.74,19.0
29950.0,0.108,0.101,0.001,10.861,5.74,19.0
30000.0,0.104,0.097,0.001,9.887,5.74,19.0
30050.0,0.095,0.089,0.001,8.811,5.74,19.0
30100.0,0.106,0.099,0.001,9.938,5.74,18.0
30150.0,0.102,0.094,0.001,10.276,5.74,19.0
30200.0,0.101,0.094,0.001,9.88,5.74,19.0
30250.0,0.103,0.096,0.001,10.075,5.74,19.0
30300.0,0.102,0.095,0.001,10.269,5.74,19.0
30350.0,0.105,0.099,0.001,10.365,5.74,19.0
30400.0,0.102,0.096,0.001,9.634,5.74,19.0
30450.0,0.101,0.094,0.001,10.437,5.74,19.0
30500.0,0.104,0.097,0.001,9.838,5.74,19.0
30550.0,0.11,0.103,0.001,10.962,5.74,19.0
30600.0,0.102,0.095,0.001,10.129,5.74,19.0
30650.0,0.096,0.09,0.001,9.184,5.74,19.0
30700.0,0.101,0.095,0.001,9.215,5.74,19.0
30750.0,0.098,0.091,0.001,11.418,5.74,19.0
30800.0,0.098,0.091,0.001,9.074,5.74,19.0
30850.0,0.098,0.091,0.001,9.951,5.74,19.0
30900.0,0.102,0.096,0.001,9.199,5.74,19.0
30950.0,0.101,0.094,0.001,8.826,5.74,19.0
31000.0,0.109,0.103,0.001,10.61,5.74,19.0
31050.0,0.099,0.092,0.001,10.045,5.74,19.0
31100.0,0.102,0.096,0.001,10.007,5.74,19.0
31150.0,0.107,0.102,0.001,10.815,5.74,19.0
31200.0,0.102,0.096,0.001,10.031,5.74,18.0
31250.0,0.101,0.094,0.001,10.256,5.74,19.0
31300.0,0.103,0.096,0.001,11.217,5.74,19.0
31350.0,0.107,0.101,0.001,10.275,5.74,19.0
31400.0,0.102,0.096,0.001,9.924,5.74,19.0
31450.0,0.101,0.095,0.001,10.294,5.74,19.0
31500.0,0.098,0.092,0.001,9.607,5.74,19.0
31550.0,0.098,0.091,0.001,10.431,5.74,19.0
31600.0,0.099,0.092,0.001,9.823,5.74,19.0
31650.0,0.095,0.089,0.001,9.596,5.74,19.0
31700.0,0.095,0.088,0.001,9.501,5.74,19.0
31750.0,0.099,0.092,0.001,9.937,5.74,19.0
31800.0,0.101,0.094,0.001,10.353,5.74,19.0
31850.0,0.103,0.097,0.001,10.965,5.74,19.0
31900.0,0.097,0.091,0.001,10.277,5.74,19.0
31950.0,0.099,0.093,0.001,9.214,5.74,19.0
32000.0,0.102,0.095,0.001,9.623,5.74,19.0
32050.0,0.097,0.091,0.001,9.0,5.74,19.0
32100.0,0.102,0.096,0.001,9.942,5.74,19.0
32150.0,0.101,0.095,0.001,9.99,5.74,19.0
32200.0,0.105,0.1,0.001,9.63,5.74,19.0
32250.0,0.096,0.091,0.001,9.439,5.74,19.0
32300.0,0.096,0.091,0.001,9.137,5.74,19.0
32350.0,0.1,0.094,0.001,10.531,5.74,19.0
32400.0,0.1,0.094,0.001,9.215,5.74,19.0
32450.0,0.096,0.09,0.001,9.727,5.74,19.0
32500.0,0.099,0.092,0.001,9.379,5.74,19.0
32550.0,0.099,0.093,0.001,9.463,5.74,19.0
32600.0,0.1,0.094,0.001,10.134,5.7,19.0
32650.0,0.095,0.09,0.001,9.031,5.74,18.0
32700.0,0.099,0.093,0.001,9.729,5.74,19.0
32750.0,0.094,0.087,0.001,9.942,5.74,19.0
32800.0,0.098,0.092,0.001,9.756,5.74,19.0
32850.0,0.095,0.088,0.001,10.147,5.74,19.0
32900.0,0.093,0.087,0.001,9.159,5.74,19.0
32950.0,0.096,0.09,0.001,9.251,5.74,19.0
33000.0,0.093,0.088,0.001,10.035,5.74,18.0
33050.0,0.097,0.091,0.001,9.828,5.74,19.0
33100.0,0.097,0.091,0.001,9.95,5.74,19.0
33150.0,0.098,0.093,0.001,10.407,5.74,18.0
33200.0,0.096,0.09,0.001,11.138,5.74,19.0
33250.0,0.094,0.089,0.001,8.901,5.74,19.0
33300.0,0.095,0.089,0.001,9.179,5.74,19.0
33350.0,0.096,0.091,0.001,8.559,5.74,19.0
33400.0,0.095,0.091,0.0,9.586,5.74,19.0
33450.0,0.096,0.09,0.001,9.588,5.74,19.0
33500.0,0.093,0.087,0.001,9.604,5.74,19.0
33550.0,0.104,0.097,0.001,11.119,5.74,19.0
33600.0,0.096,0.091,0.001,9.861,5.74,19.0
33650.0,0.09,0.085,0.001,8.369,5.74,19.0
33700.0,0.094,0.089,0.001,8.677,5.74,19.0
33750.0,0.098,0.093,0.001,9.966,5.74,19.0
33800.0,0.095,0.09,0.001,9.409,5.74,19.0
33850.0,0.101,0.095,0.001,11.398,5.74,19.0
33900.0,0.102,0.097,0.001,9.597,5.74,19.0
33950.0,0.093,0.087,0.001,9.846,5.74,19.0
34000.0,0.097,0.092,0.001,9.598,5.74,19.0
34050.0,0.094,0.088,0.001,9.414,5.74,19.0
34100.0,0.096,0.091,0.001,9.114,5.74,19.0
34150.0,0.094,0.088,0.001,9.354,5.74,18.0
34200.0,0.094,0.088,0.001,9.375,5.74,19.0
34250.0,0.096,0.091,0.001,10.068,5.74,19.0
34300.0,0.103,0.097,0.001,8.873,5.74,19.0
34350.0,0.097,0.092,0.001,9.446,5.74,19.0
34400.0,0.095,0.09,0.001,9.07,5.74,19.0
34450.0,0.096,0.09,0.001,9.961,5.74,19.0
34500.0,0.093,0.087,0.001,9.438,5.74,19.0
34550.0,0.091,0.086,0.001,8.929,5.74,18.0
34600.0,0.102,0.097,0.0,10.399,5.74,19.0
34650.0,0.098,0.093,0.001,8.922,5.74,19.0
34700.0,0.095,0.089,0.001,9.453,5.74,19.0
34750.0,0.099,0.094,0.0,9.508,5.74,19.0
34800.0,0.097,0.092,0.0,8.721,5.74,19.0
34850.0,0.098,0.093,0.001,10.379,5.74,19.0
34900.0,0.089,0.084,0.001,8.649,5.74,19.0
34950.0,0.091,0.085,0.001,9.977,5.74,19.0
35000.0,0.098,0.093,0.001,10.28,5.74,19.0
35050.0,0.095,0.09,0.001,10.109,5.74,19.0
35100.0,0.094,0.089,0.001,8.843,5.74,19.0
35150.0,0.097,0.092,0.0,9.57,5.74,19.0
35200.0,0.097,0.091,0.001,9.227,5.74,18.0
35250.0,0.093,0.088,0.0,9.121,5.74,19.0
35300.0,0.09,0.085,0.0,8.618,5.74,19.0
35350.0,0.091,0.085,0.001,9.188,5.74,19.0
35400.0,0.095,0.09,0.001,9.796,5.74,19.0
35450.0,0.091,0.086,0.001,8.391,5.74,19.0
35500.0,0.093,0.088,0.0,9.411,5.74,19.0
35550.0,0.088,0.084,0.0,8.714,5.74,19.0
35600.0,0.089,0.084,0.001,8.97,5.74,18.0
35650.0,0.098,0.093,0.0,9.82,5.74,19.0
35700.0,0.094,0.089,0.001,9.645,5.74,19.0
35750.0,0.097,0.092,0.0,9.898,5.74,19.0
35800.0,0.093,0.087,0.001,9.67,5.74,19.0
35850.0,0.093,0.088,0.001,9.568,5.74,19.0
35900.0,0.092,0.087,0.001,8.881,5.74,19.0
35950.0,0.087,0.082,0.0,8.76,5.74,19.0
36000.0,0.096,0.091,0.001,8.95,5.74,19.0
36050.0,0.089,0.084,0.001,8.854,5.74,19.0
36100.0,0.093,0.087,0.001,9.103,5.74,19.0
36150.0,0.094,0.089,0.001,9.518,5.74,19.0
36200.0,0.095,0.09,0.0,9.319,5.74,19.0
36250.0,0.096,0.091,0.0,9.252,5.74,19.0
36300.0,0.095,0.09,0.001,9.43,5.74,19.0
36350.0,0.091,0.086,0.0,8.798,5.74,19.0
36400.0,0.094,0.089,0.0,9.044,5.74,19.0
36450.0,0.087,0.082,0.0,8.121,5.74,19.0
36500.0,0.096,0.092,0.0,10.738,5.74,19.0
36550.0,0.094,0.09,0.0,9.642,5.74,19.0
36600.0,0.091,0.087,0.0,8.809,5.74,19.0
36650.0,0.094,0.089,0.0,9.784,5.74,19.0
36700.0,0.092,0.087,0.0,9.181,5.7,19.0
36750.0,0.094,0.09,0.0,9.459,5.74,18.0
36800.0,0.09,0.085,0.0,9.008,5.74,19.0
36850.0,0.091,0.086,0.001,9.349,5.74,19.0
36900.0,0.089,0.085,0.0,8.731,5.74,19.0
36950.0,0.088,0.084,0.0,10.108,5.74,19.0
37000.0,0.089,0.084,0.0,8.726,5.74,19.0
37050.0,0.091,0.086,0.0,9.228,5.74,19.0
37100.0,0.09,0.086,0.0,9.285,5.74,19.0
37150.0,0.091,0.087,0.0,8.76,5.74,19.0
37200.0,0.095,0.09,0.001,9.457,5.74,19.0
37250.0,0.092,0.088,0.0,9.556,5.74,19.0
37300.0,0.092,0.087,0.0,8.888,5.74,19.0
37350.0,0.091,0.086,0.001,9.53,5.74,19.0
37400.0,0.093,0.089,0.0,8.657,5.74,19.0
37450.0,0.089,0.085,0.0,8.864,5.74,19.0
37500.0,0.091,0.086,0.0,8.611,5.74,19.0
37550.0,0.087,0.083,0.0,8.344,5.74,19.0
37600.0,0.088,0.084,0.0,9.594,5.74,19.0
37650.0,0.092,0.087,0.0,8.598,5.74,19.0
37700.0,0.088,0.084,0.0,8.423,5.74,19.0
37750.0,0.091,0.086,0.0,9.305,5.74,19.0
37800.0,0.089,0.085,0.0,8.998,5.74,19.0
37850.0,0.092,0.087,0.0,9.219,5.74,19.0
37900.0,0.088,0.084,0.0,8.395,5.74,19.0
37950.0,0.091,0.086,0.0,8.951,5.74,19.0
38000.0,0.09,0.085,0.0,8.874,5.74,19.0
38050.0,0.094,0.089,0.0,8.417,5.74,19.0
38100.0,0.085,0.081,0.0,8.726,5.74,19.0
38150.0,0.089,0.085,0.0,8.713,5.74,19.0
38200.0,0.093,0.089,0.0,8.606,5.74,19.0
38250.0,0.091,0.087,0.0,8.495,5.74,19.0
38300.0,0.088,0.083,0.0,8.323,5.74,19.0
38350.0,0.086,0.082,0.0,8.626,5.74,19.0
38400.0,0.088,0.083,0.0,9.064,5.74,19.0
38450.0,0.091,0.086,0.0,10.585,5.74,19.0
38500.0,0.09,0.086,0.0,9.673,5.74,19.0
38550.0,0.09,0.085,0.0,9.501,5.74,19.0
38600.0,0.091,0.086,0.0,8.823,5.74,19.0
38650.0,0.094,0.088,0.001,9.677,5.74,19.0
38700.0,0.092,0.088,0.0,8.818,5.74,19.0
38750.0,0.089,0.085,0.0,9.186,5.74,19.0
38800.0,0.089,0.085,0.0,8.072,5.74,19.0
38850.0,0.09,0.086,0.0,9.3,5.74,19.0
38900.0,0.091,0.087,0.0,8.731,5.74,19.0
38950.0,0.092,0.087,0.001,9.684,5.74,19.0
39000.0,0.087,0.083,0.0,8.537,5.74,19.0
39050.0,0.091,0.087,0.0,8.713,5.74,19.0
39100.0,0.087,0.083,0.0,8.341,5.74,19.0
39150.0,0.089,0.085,0.0,9.496,5.74,19.0
39200.0,0.084,0.079,0.0,8.572,5.74,19.0
39250.0,0.083,0.079,0.0,8.187,5.74,19.0
39300.0,0.09,0.085,0.0,9.276,5.74,19.0
39350.0,0.086,0.082,0.0,9.286,5.74,19.0
39400.0,0.093,0.089,0.0,10.176,5.74,19.0
39450.0,0.088,0.083,0.0,9.322,5.74,19.0
39500.0,0.088,0.083,0.0,8.523,5.74,19.0
39550.0,0.087,0.083,0.0,9.365,5.74,19.0
39600.0,0.091,0.087,0.0,9.282,5.74,19.0
39650.0,0.091,0.087,0.0,10.346,5.74,19.0
39700.0,0.087,0.083,0.0,8.552,5.74,19.0
39750.0,0.087,0.083,0.0,8.957,5.74,19.0
39800.0,0.091,0.087,0.0,8.518,5.74,19.0
39850.0,0.09,0.085,0.0,8.243,5.74,19.0
39900.0,0.089,0.085,0.0,8.791,5.74,19.0
39950.0,0.088,0.084,0.0,8.153,5.74,18.0
40000.0,0.089,0.085,0.0,9.362,5.74,19.0
40050.0,0.094,0.09,0.0,8.61,5.74,19.0
40100.0,0.085,0.08,0.0,8.433,5.74,19.0
40150.0,0.085,0.081,0.0,9.265,5.74,19.0
40200.0,0.086,0.082,0.0,8.627,5.74,19.0
40250.0,0.082,0.078,0.0,7.622,5.74,19.0
40300.0,0.088,0.085,0.0,10.155,5.74,19.0
40350.0,0.086,0.082,0.0,7.902,5.74,18.0
40400.0,0.088,0.084,0.0,8.66,5.74,19.0
40450.0,0.09,0.086,0.0,9.879,5.74,19.0
40500.0,0.091,0.086,0.0,8.988,5.74,19.0
40550.0,0.083,0.08,0.0,7.704,5.74,19.0
40600.0,0.085,0.081,0.0,8.674,5.74,19.0
40650.0,0.091,0.087,0.0,8.489,5.74,19.0
40700.0,0.088,0.084,0.0,8.818,5.74,19.0
40750.0,0.086,0.082,0.0,8.813,5.7,19.0
40800.0,0.086,0.082,0.0,8.825,5.74,18.0
40850.0,0.09,0.086,0.0,8.441,5.74,19.0
40900.0,0.084,0.081,0.0,8.868,5.74,19.0
40950.0,0.087,0.083,0.0,8.437,5.74,19.0
41000.0,0.084,0.079,0.0,8.055,5.74,19.0
41050.0,0.088,0.084,0.0,8.534,5.74,19.0
41100.0,0.084,0.081,0.0,8.277,5.74,19.0
41150.0,0.09,0.086,0.0,8.424,5.74,19.0
41200.0,0.088,0.084,0.0,9.538,5.74,19.0
41250.0,0.087,0.084,0.0,8.348,5.74,19.0
41300.0,0.093,0.089,0.0,9.515,5.74,19.0
41350.0,0.084,0.079,0.0,8.256,5.74,19.0
41400.0,0.087,0.083,0.0,9.407,5.74,19.0
41450.0,0.087,0.083,0.0,8.83,5.74,19.0
41500.0,0.084,0.081,0.0,9.104,5.74,19.0
41550.0,0.087,0.082,0.0,9.196,5.74,19.0
41600.0,0.083,0.079,0.0,7.935,5.74,19.0
41650.0,0.085,0.081,0.0,8.294,5.74,19.0
41700.0,0.082,0.078,0.0,8.041,5.74,19.0
41750.0,0.082,0.079,0.0,7.534,5.74,19.0
41800.0,0.085,0.081,0.0,8.647,5.74,19.0
41850.0,0.087,0.082,0.0,9.523,5.74,19.0
41900.0,0.089,0.085,0.0,8.848,5.74,19.0
41950.0,0.085,0.081,0.0,8.186,5.74,19.0
42000.0,0.084,0.081,0.0,8.38,5.74,19.0
42050.0,0.085,0.08,0.001,8.952,5.74,19.0
42100.0,0.085,0.08,0.0,8.178,5.74,19.0
42150.0,0.086,0.082,0.0,8.453,5.74,19.0
42200.0,0.083,0.08,0.0,8.538,5.74,18.0
42250.0,0.085,0.081,0.0,7.881,5.74,19.0
42300.0,0.082,0.078,0.0,8.415,5.74,19.0
42350.0,0.086,0.082,0.0,9.395,5.74,19.0
42400.0,0.084,0.08,0.0,9.191,5.74,19.0
42450.0,0.083,0.078,0.0,8.051,5.74,19.0
42500.0,0.082,0.078,0.0,8.549,5.74,19.0
42550.0,0.084,0.08,0.0,8.082,5.74,19.0
42600.0,0.083,0.079,0.0,7.925,5.74,18.0
42650.0,0.086,0.082,0.0,9.482,5.74,19.0
42700.0,0.083,0.079,0.0,8.113,5.74,19.0
42750.0,0.081,0.078,0.0,7.999,5.74,19.0
42800.0,0.089,0.084,0.0,8.997,5.74,19.0
42850.0,0.09,0.086,0.0,9.582,5.74,19.0
42900.0,0.086,0.083,0.0,8.951,5.74,19.0
42950.0,0.083,0.08,0.0,8.397,5.74,19.0
43000.0,0.089,0.085,0.0,8.5,5.74,19.0
43050.0,0.09,0.087,0.0,9.044,5.74,19.0
43100.0,0.085,0.082,0.0,9.045,5.74,19.0
43150.0,0.085,0.081,0.0,8.266,5.74,19.0
43200.0,0.083,0.08,0.0,9.007,5.74,19.0
43250.0,0.081,0.078,0.0,8.409,5.74,19.0
43300.0,0.084,0.081,0.0,8.404,5.74,19.0
43350.0,0.084,0.081,0.0,8.819,5.74,19.0
43400.0,0.083,0.079,0.0,8.577,5.74,19.0
43450.0,0.081,0.077,0.0,7.762,5.74,19.0
43500.0,0.083,0.08,0.0,8.514,5.74,19.0
43550.0,0.087,0.083,0.0,8.614,5.74,19.0
43600.0,0.081,0.077,0.0,8.016,5.74,19.0
43650.0,0.087,0.084,0.0,8.864,5.74,19.0
43700.0,0.086,0.082,0.0,8.647,5.74,18.0
43750.0,0.079,0.076,0.0,8.055,5.74,19.0
43800.0,0.083,0.079,0.0,9.995,5.74,19.0
43850.0,0.082,0.079,0.0,9.652,5.74,19.0
43900.0,0.081,0.077,0.0,7.807,5.74,19.0
43950.0,0.081,0.078,0.0,7.169,5.74,19.0
44000.0,0.086,0.082,0.0,8.392,5.74,19.0
44050.0,0.087,0.083,0.0,8.393,5.74,19.0
44100.0,0.087,0.084,0.0,8.745,5.74,18.0
44150.0,0.083,0.079,0.0,7.835,5.74,19.0
44200.0,0.088,0.085,0.0,10.044,5.74,19.0
44250.0,0.083,0.079,0.0,8.892,5.74,19.0
44300.0,0.083,0.08,0.0,8.283,5.74,19.0
44350.0,0.085,0.081,0.0,8.205,5.74,19.0
44400.0,0.081,0.078,0.0,8.011,5.74,19.0
44450.0,0.082,0.078,0.0,7.802,5.74,19.0
44500.0,0.08,0.077,0.0,8.244,5.74,19.0
44550.0,0.083,0.08,0.0,7.646,5.74,19.0
44600.0,0.085,0.081,0.0,8.587,5.74,19.0
44650.0,0.081,0.077,0.0,8.751,5.74,19.0
44700.0,0.082,0.078,0.0,8.256,5.74,19.0
44750.0,0.081,0.078,0.0,8.512,5.74,19.0
44800.0,0.085,0.081,0.0,9.712,5.74,19.0
44850.0,0.08,0.077,0.0,8.796,5.7,18.0
44900.0,0.082,0.078,0.0,8.86,5.74,19.0
44950.0,0.077,0.073,0.0,8.092,5.74,19.0
45000.0,0.081,0.078,0.0,8.012,5.74,19.0
45050.0,0.083,0.079,0.0,9.599,5.74,19.0
45100.0,0.087,0.084,0.0,9.606,5.74,19.0
45150.0,0.08,0.077,0.0,7.951,5.74,19.0
45200.0,0.083,0.08,0.0,8.682,5.74,19.0
45250.0,0.088,0.085,0.0,8.978,5.74,19.0
45300.0,0.082,0.079,0.0,8.053,5.74,18.0
45350.0,0.083,0.08,0.0,9.057,5.74,19.0
45400.0,0.082,0.079,0.0,8.719,5.74,19.0
45450.0,0.085,0.082,0.0,8.443,5.74,19.0
45500.0,0.077,0.074,0.0,8.285,5.74,19.0
45550.0,0.082,0.079,0.0,7.861,5.74,19.0
45600.0,0.081,0.077,0.0,8.583,5.74,19.0
45650.0,0.079,0.076,0.0,8.002,5.74,19.0
45700.0,0.086,0.082,0.0,8.706,5.74,19.0
45750.0,0.081,0.078,0.0,7.881,5.74,19.0
45800.0,0.083,0.08,0.0,8.697,5.74,19.0
45850.0,0.084,0.081,0.0,8.815,5.74,19.0
45900.0,0.082,0.079,0.0,8.616,5.74,19.0
45950.0,0.08,0.077,0.0,8.989,5.74,19.0
46000.0,0.077,0.073,0.0,7.959,5.74,19.0
46050.0,0.08,0.076,0.0,7.757,5.74,19.0
46100.0,0.081,0.078,0.0,8.294,5.74,19.0
46150.0,0.085,0.081,0.0,8.59,5.74,19.0
46200.0,0.079,0.076,0.0,7.273,5.74,19.0
46250.0,0.079,0.076,0.0,8.036,5.74,19.0
46300.0,0.081,0.077,0.0,9.064,5.74,19.0
46350.0,0.087,0.084,0.0,9.109,5.74,19.0
46400.0,0.082,0.079,0.0,7.888,5.74,18.0
46450.0,0.078,0.076,0.0,7.734,5.74,19.0
46500.0,0.079,0.076,0.0,7.692,5.74,19.0
46550.0,0.081,0.078,0.0,8.204,5.74,19.0
46600.0,0.081,0.077,0.0,8.689,5.74,19.0
46650.0,0.08,0.077,0.0,8.334,5.74,19.0
46700.0,0.078,0.075,0.0,7.608,5.74,19.0
46750.0,0.075,0.072,0.0,7.935,5.74,19.0
46800.0,0.081,0.077,0.0,8.932,5.74,19.0
46850.0,0.081,0.077,0.0,8.5,5.74,19.0
46900.0,0.08,0.077,0.0,9.2,5.74,19.0
46950.0,0.082,0.079,0.0,8.261,5.74,19.0
47000.0,0.086,0.083,0.0,9.511,5.74,19.0
47050.0,0.081,0.078,0.0,8.948,5.74,19.0
47100.0,0.077,0.074,0.0,7.851,5.74,19.0
47150.0,0.084,0.08,0.0,8.965,5.74,19.0
47200.0,0.075,0.072,0.0,7.645,5.74,19.0
47250.0,0.083,0.08,0.0,8.194,5.74,19.0
47300.0,0.084,0.081,0.0,9.404,5.74,19.0
47350.0,0.077,0.074,0.0,7.715,5.74,19.0
47400.0,0.085,0.082,0.0,8.728,5.74,19.0
47450.0,0.08,0.077,0.0,8.214,5.74,19.0
47500.0,0.079,0.076,0.0,8.311,5.74,18.0
47550.0,0.078,0.075,0.0,7.185,5.74,19.0
47600.0,0.076,0.073,0.0,8.515,5.74,19.0
47650.0,0.082,0.078,0.0,7.655,5.74,19.0
47700.0,0.079,0.076,0.0,7.661,5.74,19.0
47750.0,0.081,0.078,0.0,7.935,5.74,19.0
47800.0,0.079,0.075,0.0,7.713,5.74,19.0
47850.0,0.078,0.075,0.0,7.971,5.74,19.0
47900.0,0.079,0.075,0.0,9.038,5.74,19.0
47950.0,0.081,0.078,0.0,8.676,5.74,19.0
48000.0,0.084,0.081,0.0,8.679,5.74,19.0
48050.0,0.082,0.079,0.0,8.968,5.74,19.0
48100.0,0.075,0.072,0.0,7.797,5.74,19.0
48150.0,0.078,0.075,0.0,8.428,5.74,19.0
48200.0,0.079,0.076,0.0,8.157,5.74,19.0
48250.0,0.078,0.075,0.0,8.575,5.74,19.0
48300.0,0.079,0.076,0.0,7.508,5.74,19.0
48350.0,0.083,0.08,0.0,8.729,5.74,19.0
48400.0,0.08,0.077,0.0,8.736,5.74,19.0
48450.0,0.078,0.075,0.0,8.45,5.74,19.0
48500.0,0.081,0.078,0.0,8.214,5.74,19.0
48550.0,0.073,0.07,0.0,7.026,5.74,19.0
48600.0,0.075,0.072,0.0,7.804,5.74,19.0
48650.0,0.08,0.077,0.0,7.695,5.74,19.0
48700.0,0.079,0.076,0.0,7.24,5.74,19.0
48750.0,0.08,0.077,0.0,9.633,5.74,19.0
48800.0,0.081,0.078,0.0,7.781,5.74,19.0
48850.0,0.078,0.075,0.0,8.116,5.74,19.0
48900.0,0.077,0.074,0.0,7.772,5.7,19.0
48950.0,0.081,0.078,0.0,8.884,5.74,18.0
49000.0,0.079,0.076,0.0,8.337,5.74,19.0
49050.0,0.079,0.077,0.0,8.181,5.74,19.0
49100.0,0.076,0.073,0.0,7.393,5.74,19.0
49150.0,0.074,0.07,0.0,7.638,5.74,19.0
49200.0,0.081,0.078,0.0,7.766,5.74,19.0
49250.0,0.079,0.076,0.0,8.829,5.74,19.0
49300.0,0.08,0.077,0.0,8.667,5.74,19.0
49350.0,0.076,0.073,0.0,8.448,5.74,18.0
49400.0,0.075,0.072,0.0,8.754,5.74,19.0
49450.0,0.075,0.072,0.0,7.797,5.74,19.0
49500.0,0.075,0.072,0.0,7.702,5.74,19.0
49550.0,0.075,0.072,0.0,7.131,5.74,19.0
49600.0,0.083,0.08,0.0,8.897,5.74,19.0
49650.0,0.084,0.081,0.0,9.501,5.74,19.0
49700.0,0.083,0.08,0.0,8.878,5.74,19.0
49750.0,0.082,0.079,0.0,8.398,5.74,19.0
49800.0,0.079,0.076,0.0,7.827,5.74,19.0
49850.0,0.079,0.076,0.0,8.429,5.74,19.0
49900.0,0.082,0.079,0.0,8.265,5.74,19.0
49950.0,0.076,0.073,0.0,8.606,5.74,19.0
50000.0,0.073,0.07,0.0,7.625,5.74,19.0
50050.0,0.078,0.075,0.0,7.701,5.74,19.0
50100.0,0.079,0.076,0.0,7.669,5.74,19.0
50150.0,0.079,0.076,0.0,8.636,5.74,19.0
50200.0,0.077,0.074,0.0,8.424,5.74,19.0
50250.0,0.081,0.078,0.0,7.227,5.74,19.0
50300.0,0.076,0.073,0.0,7.564,5.74,19.0
50350.0,0.077,0.074,0.0,7.937,5.74,19.0
50400.0,0.076,0.073,0.0,8.053,5.74,19.0
50450.0,0.076,0.073,0.0,8.283,5.74,19.0
50500.0,0.076,0.073,0.0,8.803,5.74,19.0
50550.0,0.075,0.073,0.0,7.562,5.74,19.0
50600.0,0.077,0.074,0.0,8.009,5.74,19.0
50650.0,0.077,0.074,0.0,8.345,5.74,19.0
50700.0,0.079,0.075,0.0,8.283,5.74,19.0
50750.0,0.081,0.078,0.0,8.138,5.74,19.0
50800.0,0.075,0.072,0.0,7.953,5.74,19.0
50850.0,0.074,0.071,0.0,7.759,5.74,19.0
50900.0,0.078,0.076,0.0,8.657,5.74,19.0
50950.0,0.077,0.074,0.0,8.833,5.74,19.0
51000.0,0.077,0.074,0.0,7.8,5.74,19.0
51050.0,0.077,0.075,0.0,7.416,5.74,19.0
51100.0,0.076,0.074,0.0,7.528,5.74,19.0
51150.0,0.073,0.07,0.0,7.889,5.74,19.0
51200.0,0.076,0.072,0.0,7.34,5.74,19.0
51250.0,0.074,0.072,0.0,7.367,5.74,19.0
51300.0,0.074,0.072,0.0,7.564,5.74,19.0
51350.0,0.077,0.074,0.0,8.085,5.74,19.0
51400.0,0.076,0.074,0.0,8.665,5.74,19.0
51450.0,0.078,0.075,0.0,8.063,5.74,19.0
51500.0,0.073,0.071,0.0,6.92,5.74,19.0
51550.0,0.077,0.075,0.0,8.282,5.74,19.0
51600.0,0.077,0.075,0.0,8.536,5.74,19.0
51650.0,0.079,0.077,0.0,7.491,5.74,19.0
51700.0,0.076,0.074,0.0,7.991,5.74,19.0
51750.0,0.077,0.074,0.0,7.952,5.74,19.0
51800.0,0.072,0.07,0.0,7.389,5.74,19.0
51850.0,0.075,0.072,0.0,7.715,5.74,18.0
51900.0,0.075,0.073,0.0,7.168,5.74,19.0
51950.0,0.076,0.074,0.0,7.617,5.74,19.0
52000.0,0.076,0.074,0.0,7.782,5.74,19.0
52050.0,0.075,0.072,0.0,8.208,5.74,19.0
52100.0,0.075,0.072,0.0,7.617,5.74,19.0
52150.0,0.078,0.076,0.0,8.511,5.74,19.0
52200.0,0.08,0.077,0.0,8.158,5.74,19.0
52250.0,0.073,0.071,0.0,7.146,5.74,19.0
52300.0,0.078,0.076,0.0,7.967,5.74,19.0
52350.0,0.076,0.074,0.0,7.583,5.74,19.0
52400.0,0.076,0.073,0.0,7.055,5.74,19.0
52450.0,0.078,0.075,0.0,7.859,5.74,19.0
52500.0,0.079,0.076,0.0,8.368,5.74,19.0
52550.0,0.073,0.07,0.0,7.564,5.74,19.0
52600.0,0.075,0.072,0.0,7.88,5.74,19.0
52650.0,0.074,0.071,0.0,8.226,5.74,19.0
52700.0,0.078,0.076,0.0,7.797,5.74,19.0
52750.0,0.074,0.071,0.0,7.855,5.74,19.0
52800.0,0.076,0.074,0.0,7.421,5.74,19.0
52850.0,0.075,0.073,0.0,7.328,5.74,19.0
52900.0,0.078,0.076,0.0,8.455,5.74,19.0
52950.0,0.078,0.076,0.0,7.915,5.74,19.0
53000.0,0.075,0.072,0.0,6.693,5.7,19.0
53050.0,0.074,0.071,0.0,7.064,5.74,19.0
53100.0,0.075,0.072,0.0,7.981,5.74,19.0
53150.0,0.073,0.07,0.0,7.392,5.74,19.0
53200.0,0.073,0.07,0.0,7.555,5.74,19.0
53250.0,0.074,0.072,0.0,8.344,5.74,19.0
53300.0,0.073,0.07,0.0,7.64,5.74,19.0
53350.0,0.071,0.068,0.0,6.957,5.74,19.0
53400.0,0.073,0.07,0.0,7.715,5.74,19.0
53450.0,0.071,0.069,0.0,8.057,5.74,19.0
53500.0,0.078,0.075,0.0,8.14,5.74,19.0
53550.0,0.071,0.069,0.0,7.647,5.74,19.0
53600.0,0.078,0.075,0.0,8.55,5.74,19.0
53650.0,0.081,0.079,0.0,9.043,5.74,19.0
53700.0,0.077,0.074,0.0,7.923,5.74,19.0
53750.0,0.076,0.073,0.0,8.633,5.74,19.0
53800.0,0.071,0.069,0.0,6.931,5.74,19.0
53850.0,0.072,0.07,0.0,7.258,5.74,19.0
53900.0,0.079,0.077,0.0,8.488,5.74,19.0
53950.0,0.077,0.074,0.0,7.793,5.74,18.0
54000.0,0.074,0.071,0.0,6.976,5.74,19.0
54050.0,0.074,0.071,0.0,7.494,5.74,19.0
54100.0,0.072,0.07,0.0,8.584,5.74,19.0
54150.0,0.077,0.074,0.0,7.872,5.74,19.0
54200.0,0.075,0.072,0.0,8.01,5.74,19.0
54250.0,0.077,0.074,0.0,8.846,5.74,19.0
54300.0,0.078,0.075,0.0,8.279,5.74,19.0
54350.0,0.072,0.07,0.0,6.633,5.74,19.0
54400.0,0.076,0.074,0.0,7.895,5.74,19.0
54450.0,0.072,0.069,0.0,8.062,5.74,19.0
54500.0,0.076,0.073,0.0,7.714,5.74,19.0
54550.0,0.074,0.072,0.0,8.245,5.74,19.0
54600.0,0.073,0.071,0.0,7.801,5.74,19.0
54650.0,0.074,0.071,0.0,6.866,5.74,19.0
54700.0,0.075,0.073,0.0,7.551,5.74,19.0
54750.0,0.072,0.069,0.0,7.052,5.74,19.0
54800.0,0.071,0.069,0.0,7.975,5.74,19.0
54850.0,0.074,0.072,0.0,7.822,5.74,19.0
54900.0,0.074,0.072,0.0,7.995,5.74,19.0
54950.0,0.074,0.072,0.0,7.162,5.74,19.0
55000.0,0.076,0.074,0.0,8.111,5.74,19.0
55050.0,0.074,0.072,0.0,8.645,5.74,19.0
55100.0,0.074,0.071,0.0,7.582,5.74,18.0
55150.0,0.071,0.069,0.0,6.84,5.74,19.0
55200.0,0.074,0.072,0.0,7.397,5.74,19.0
55250.0,0.073,0.071,0.0,7.61,5.74,19.0
55300.0,0.071,0.069,0.0,7.551,5.74,19.0
55350.0,0.075,0.073,0.0,7.358,5.74,19.0
55400.0,0.078,0.075,0.0,8.018,5.74,19.0
55450.0,0.072,0.069,0.0,7.06,5.74,19.0
55500.0,0.073,0.071,0.0,7.869,5.74,19.0
55550.0,0.071,0.068,0.0,7.376,5.74,19.0
55600.0,0.072,0.069,0.0,6.78,5.74,19.0
55650.0,0.072,0.07,0.0,7.172,5.74,19.0
55700.0,0.075,0.073,0.0,7.442,5.74,19.0
55750.0,0.072,0.07,0.0,8.441,5.74,19.0
55800.0,0.072,0.07,0.0,8.282,5.74,19.0
55850.0,0.074,0.072,0.0,7.637,5.74,19.0
55900.0,0.072,0.07,0.0,7.145,5.74,19.0
55950.0,0.073,0.071,0.0,8.024,5.74,19.0
56000.0,0.073,0.071,0.0,6.923,5.74,19.0
56050.0,0.074,0.072,0.0,7.714,5.74,19.0
56100.0,0.072,0.07,0.0,7.661,5.74,19.0
56150.0,0.075,0.073,0.0,8.03,5.74,19.0
56200.0,0.075,0.073,0.0,7.91,5.74,18.0
56250.0,0.072,0.07,0.0,8.139,5.74,19.0
56300.0,0.071,0.069,0.0,7.754,5.74,19.0
56350.0,0.072,0.07,0.0,7.767,5.74,19.0
56400.0,0.073,0.07,0.0,8.16,5.74,19.0
56450.0,0.071,0.069,0.0,7.379,5.74,19.0
56500.0,0.077,0.075,0.0,8.405,5.74,19.0
56550.0,0.073,0.071,0.0,7.709,5.74,19.0
56600.0,0.073,0.071,0.0,7.92,5.74,19.0
56650.0,0.073,0.07,0.0,7.222,5.74,19.0
56700.0,0.072,0.07,0.0,7.539,5.74,19.0
56750.0,0.073,0.071,0.0,8.351,5.74,19.0
56800.0,0.072,0.07,0.0,7.589,5.74,19.0
56850.0,0.075,0.073,0.0,7.321,5.74,19.0
56900.0,0.072,0.07,0.0,6.894,5.74,19.0
56950.0,0.072,0.069,0.0,7.822,5.74,19.0
57000.0,0.069,0.067,0.0,7.447,5.74,19.0
57050.0,0.072,0.07,0.0,6.908,5.7,19.0
57100.0,0.072,0.069,0.0,8.157,5.74,18.0
57150.0,0.073,0.07,0.0,7.754,5.74,19.0
57200.0,0.07,0.068,0.0,7.724,5.74,19.0
57250.0,0.073,0.071,0.0,7.289,5.74,19.0
57300.0,0.069,0.067,0.0,6.725,5.74,18.0
57350.0,0.076,0.074,0.0,7.336,5.74,19.0
57400.0,0.072,0.07,0.0,7.856,5.74,19.0
57450.0,0.072,0.07,0.0,6.652,5.74,19.0
57500.0,0.072,0.07,0.0,7.438,5.74,19.0
57550.0,0.077,0.075,0.0,7.782,5.74,19.0
57600.0,0.078,0.076,0.0,8.587,5.74,19.0
57650.0,0.07,0.068,0.0,7.272,5.74,19.0
57700.0,0.07,0.068,0.0,6.956,5.74,19.0
57750.0,0.073,0.07,0.0,7.879,5.74,19.0
57800.0,0.074,0.071,0.0,8.433,5.74,19.0
57850.0,0.074,0.072,0.0,7.639,5.74,19.0
57900.0,0.073,0.071,0.0,7.728,5.74,19.0
57950.0,0.074,0.072,0.0,7.854,5.74,19.0
58000.0,0.072,0.07,0.0,7.415,5.74,19.0
58050.0,0.069,0.067,0.0,7.14,5.74,19.0
58100.0,0.071,0.069,0.0,7.769,5.74,19.0
58150.0,0.067,0.065,0.0,7.766,5.74,19.0
58200.0,0.069,0.067,0.0,8.07,5.74,19.0
58250.0,0.072,0.07,0.0,7.961,5.74,19.0
58300.0,0.072,0.07,0.0,7.142,5.74,19.0
58350.0,0.071,0.069,0.0,7.475,5.74,19.0
58400.0,0.069,0.067,0.0,7.417,5.74,18.0
58450.0,0.068,0.066,0.0,7.072,5.74,19.0
58500.0,0.071,0.07,0.0,8.54,5.74,19.0
58550.0,0.069,0.067,0.0,7.847,5.74,19.0
58600.0,0.068,0.066,0.0,6.708,5.74,19.0
58650.0,0.07,0.068,0.0,7.468,5.74,19.0
58700.0,0.072,0.07,0.0,8.126,5.74,19.0
58750.0,0.067,0.065,0.0,7.711,5.74,19.0
58800.0,0.076,0.073,0.0,7.548,5.74,19.0
58850.0,0.072,0.07,0.0,8.429,5.74,19.0
58900.0,0.071,0.069,0.0,7.272,5.74,19.0
58950.0,0.07,0.068,0.0,7.017,5.74,19.0
59000.0,0.074,0.072,0.0,7.041,5.74,19.0
59050.0,0.072,0.07,0.0,6.655,5.74,19.0
59100.0,0.073,0.071,0.0,8.183,5.74,19.0
59150.0,0.069,0.067,0.0,6.63,5.74,19.0
59200.0,0.067,0.065,0.0,7.027,5.74,19.0
59250.0,0.069,0.067,0.0,7.612,5.74,19.0
59300.0,0.07,0.068,0.0,6.554,5.74,19.0
59350.0,0.07,0.068,0.0,7.249,5.74,19.0
59400.0,0.071,0.069,0.0,7.263,5.74,19.0
59450.0,0.067,0.065,0.0,7.385,5.74,19.0
59500.0,0.071,0.069,0.0,7.869,5.74,19.0
59550.0,0.075,0.073,0.0,7.426,5.74,18.0
59600.0,0.071,0.069,0.0,7.401,5.74,19.0
59650.0,0.073,0.071,0.0,7.644,5.74,19.0
59700.0,0.072,0.07,0.0,7.65,5.74,19.0
59750.0,0.069,0.066,0.0,7.534,5.74,19.0
59800.0,0.074,0.072,0.0,7.267,5.74,19.0
59850.0,0.068,0.066,0.0,6.591,5.74,19.0
59900.0,0.071,0.07,0.0,6.75,5.74,19.0
59950.0,0.072,0.07,0.0,6.792,5.74,19.0
60000.0,0.071,0.069,0.0,7.499,5.74,19.0
60050.0,0.073,0.071,0.0,7.528,5.74,19.0
60100.0,0.073,0.071,0.0,7.524,5.74,19.0
60150.0,0.071,0.069,0.0,7.601,5.74,19.0
60200.0,0.072,0.07,0.0,7.654,5.74,19.0
60250.0,0.07,0.068,0.0,7.016,5.74,19.0
60300.0,0.072,0.07,0.0,7.317,5.74,19.0
60350.0,0.072,0.07,0.0,7.357,5.74,19.0
60400.0,0.076,0.073,0.0,7.939,5.74,19.0
60450.0,0.067,0.066,0.0,6.696,5.74,19.0
60500.0,0.07,0.068,0.0,6.935,5.74,19.0
60550.0,0.066,0.065,0.0,6.403,5.74,19.0
60600.0,0.07,0.068,0.0,6.651,5.74,19.0
60650.0,0.071,0.069,0.0,7.116,5.74,19.0
60700.0,0.072,0.069,0.0,8.222,5.74,19.0
60750.0,0.067,0.065,0.0,7.235,5.74,19.0
60800.0,0.072,0.07,0.0,7.807,5.74,19.0
60850.0,0.07,0.068,0.0,7.317,5.74,19.0
60900.0,0.073,0.071,0.0,8.657,5.74,19.0
60950.0,0.067,0.065,0.0,6.391,5.74,19.0
61000.0,0.067,0.065,0.0,6.473,5.74,19.0
61050.0,0.071,0.069,0.0,6.791,5.74,19.0
61100.0,0.067,0.065,0.0,7.373,5.74,19.0
61150.0,0.07,0.068,0.0,7.193,5.7,19.0
61200.0,0.073,0.07,0.0,7.78,5.74,19.0
61250.0,0.069,0.067,0.0,7.751,5.74,19.0
61300.0,0.071,0.069,0.0,8.19,5.74,19.0
61350.0,0.068,0.066,0.0,6.725,5.74,19.0
61400.0,0.069,0.067,0.0,7.53,5.74,19.0
61450.0,0.068,0.066,0.0,6.45,5.74,19.0
61500.0,0.072,0.07,0.0,7.644,5.74,19.0
61550.0,0.068,0.066,0.0,6.898,5.74,19.0
61600.0,0.068,0.066,0.0,7.089,5.74,19.0
61650.0,0.07,0.068,0.0,7.415,5.74,19.0
61700.0,0.069,0.067,0.0,7.313,5.74,19.0
61750.0,0.069,0.067,0.0,7.326,5.74,19.0
61800.0,0.069,0.067,0.0,7.797,5.74,19.0
61850.0,0.067,0.065,0.0,7.048,5.74,19.0
61900.0,0.07,0.068,0.0,7.508,5.74,19.0
61950.0,0.065,0.063,0.0,7.03,5.74,19.0
62000.0,0.068,0.065,0.0,6.83,5.74,19.0
62050.0,0.069,0.068,0.0,7.139,5.74,18.0
62100.0,0.072,0.07,0.0,7.362,5.74,19.0
62150.0,0.072,0.071,0.0,8.164,5.74,19.0
62200.0,0.066,0.064,0.0,6.245,5.74,19.0
62250.0,0.068,0.066,0.0,7.134,5.74,19.0
62300.0,0.069,0.067,0.0,6.952,5.74,19.0
62350.0,0.071,0.069,0.0,7.396,5.74,19.0
62400.0,0.068,0.066,0.0,7.393,5.74,19.0
62450.0,0.069,0.067,0.0,7.633,5.74,19.0
62500.0,0.067,0.066,0.0,7.419,5.74,19.0
62550.0,0.068,0.066,0.0,7.267,5.74,19.0
62600.0,0.069,0.067,0.0,7.345,5.74,19.0
62650.0,0.068,0.066,0.0,7.482,5.74,19.0
62700.0,0.07,0.068,0.0,6.157,5.74,19.0
62750.0,0.071,0.069,0.0,8.009,5.74,19.0
62800.0,0.072,0.07,0.0,8.537,5.74,19.0
62850.0,0.065,0.063,0.0,6.592,5.74,19.0
62900.0,0.066,0.064,0.0,6.29,5.74,19.0
62950.0,0.071,0.069,0.0,6.92,5.74,19.0
63000.0,0.07,0.068,0.0,7.583,5.74,19.0
63050.0,0.069,0.067,0.0,7.332,5.74,19.0
63100.0,0.068,0.066,0.0,6.783,5.74,19.0
63150.0,0.066,0.064,0.0,7.202,5.74,19.0
63200.0,0.068,0.066,0.0,7.155,5.74,19.0
63250.0,0.069,0.067,0.0,7.334,5.74,19.0
63300.0,0.067,0.065,0.0,6.626,5.74,19.0
63350.0,0.066,0.064,0.0,6.651,5.74,19.0
63400.0,0.07,0.068,0.0,7.883,5.74,19.0
63450.0,0.071,0.068,0.0,8.837,5.74,19.0
63500.0,0.07,0.068,0.0,7.27,5.74,19.0
63550.0,0.07,0.068,0.0,7.371,5.74,19.0
63600.0,0.066,0.064,0.0,6.636,5.74,19.0
63650.0,0.069,0.067,0.0,6.36,5.74,19.0
63700.0,0.067,0.066,0.0,7.305,5.74,19.0
63750.0,0.068,0.066,0.0,6.783,5.74,19.0
63800.0,0.069,0.067,0.0,7.646,5.74,19.0
63850.0,0.066,0.064,0.0,6.963,5.74,19.0
63900.0,0.066,0.064,0.0,7.274,5.74,19.0
63950.0,0.074,0.072,0.0,7.968,5.74,19.0
64000.0,0.071,0.069,0.0,6.935,5.74,19.0
64050.0,0.069,0.067,0.0,7.132,5.74,19.0
64100.0,0.068,0.066,0.0,7.099,5.74,19.0
64150.0,0.066,0.064,0.0,6.748,5.74,19.0
64200.0,0.067,0.066,0.0,7.244,5.74,19.0
64250.0,0.069,0.067,0.0,7.905,5.74,19.0
64300.0,0.066,0.064,0.0,7.198,5.74,19.0
64350.0,0.068,0.066,0.0,6.817,5.74,19.0
64400.0,0.068,0.066,0.0,6.268,5.74,19.0
64450.0,0.064,0.062,0.0,6.591,5.74,19.0
64500.0,0.068,0.066,0.0,7.074,5.74,19.0
64550.0,0.071,0.069,0.0,7.389,5.74,19.0
64600.0,0.069,0.068,0.0,8.002,5.74,19.0
64650.0,0.07,0.068,0.0,7.877,5.74,19.0
64700.0,0.067,0.066,0.0,7.326,5.74,19.0
64750.0,0.068,0.066,0.0,8.379,5.74,19.0
64800.0,0.067,0.066,0.0,7.07,5.74,19.0
64850.0,0.068,0.067,0.0,8.055,5.74,19.0
64900.0,0.067,0.065,0.0,7.615,5.74,19.0
64950.0,0.069,0.068,0.0,7.483,5.74,19.0
65000.0,0.067,0.065,0.0,7.167,5.74,19.0
65050.0,0.069,0.067,0.0,8.655,5.74,19.0
65100.0,0.068,0.067,0.0,7.721,5.74,19.0
65150.0,0.07,0.068,0.0,8.197,5.74,19.0
65200.0,0.068,0.066,0.0,7.34,5.7,19.0
65250.0,0.07,0.068,0.0,6.795,5.74,18.0
65300.0,0.065,0.063,0.0,6.634,5.74,19.0
65350.0,0.068,0.066,0.0,7.428,5.74,19.0
65400.0,0.066,0.064,0.0,6.626,5.74,19.0
65450.0,0.064,0.063,0.0,5.983,5.74,19.0
65500.0,0.068,0.066,0.0,7.539,5.74,19.0
65550.0,0.068,0.066,0.0,7.149,5.74,19.0
65600.0,0.065,0.063,0.0,6.902,5.74,19.0
65650.0,0.066,0.064,0.0,6.833,5.74,19.0
65700.0,0.069,0.068,0.0,7.47,5.74,19.0
65750.0,0.065,0.063,0.0,7.22,5.74,19.0
65800.0,0.064,0.063,0.0,7.007,5.74,19.0
65850.0,0.067,0.066,0.0,6.65,5.74,19.0
65900.0,0.068,0.066,0.0,7.107,5.74,19.0
65950.0,0.07,0.068,0.0,8.146,5.74,19.0
66000.0,0.068,0.066,0.0,7.155,5.74,18.0
66050.0,0.063,0.061,0.0,7.259,5.74,19.0
66100.0,0.066,0.064,0.0,6.693,5.74,19.0
66150.0,0.065,0.064,0.0,6.313,5.74,19.0
66200.0,0.068,0.066,0.0,6.533,5.74,19.0
66250.0,0.068,0.066,0.0,7.275,5.74,19.0
66300.0,0.065,0.064,0.0,6.568,5.74,19.0
66350.0,0.065,0.063,0.0,7.335,5.74,19.0
66400.0,0.065,0.063,0.0,7.107,5.74,19.0
66450.0,0.062,0.06,0.0,6.291,5.74,19.0
66500.0,0.067,0.066,0.0,7.349,5.74,19.0
66550.0,0.066,0.064,0.0,7.391,5.74,19.0
66600.0,0.063,0.062,0.0,6.961,5.74,19.0
66650.0,0.072,0.07,0.0,8.163,5.74,19.0
66700.0,0.064,0.063,0.0,7.887,5.74,19.0
66750.0,0.067,0.066,0.0,7.39,5.74,19.0
66800.0,0.068,0.066,0.0,7.444,5.74,19.0
66850.0,0.068,0.067,0.0,7.202,5.74,19.0
66900.0,0.068,0.067,0.0,6.363,5.74,19.0
66950.0,0.068,0.067,0.0,6.972,5.74,19.0
67000.0,0.063,0.062,0.0,6.51,5.74,19.0
67050.0,0.065,0.063,0.0,7.379,5.74,19.0
67100.0,0.069,0.067,0.0,7.778,5.74,18.0
67150.0,0.065,0.064,0.0,6.03,5.74,19.0
67200.0,0.064,0.062,0.0,6.632,5.74,19.0
67250.0,0.068,0.066,0.0,7.154,5.74,19.0
67300.0,0.067,0.066,0.0,7.438,5.74,19.0
67350.0,0.067,0.066,0.0,7.72,5.74,19.0
67400.0,0.065,0.064,0.0,7.128,5.74,19.0
67450.0,0.067,0.065,0.0,7.428,5.74,19.0
67500.0,0.066,0.065,0.0,6.272,5.74,18.0
67550.0,0.066,0.065,0.0,6.748,5.74,19.0
67600.0,0.064,0.062,0.0,6.658,5.74,19.0
67650.0,0.062,0.061,0.0,6.86,5.74,19.0
67700.0,0.064,0.062,0.0,6.571,5.74,19.0
67750.0,0.067,0.066,0.0,7.361,5.74,19.0
67800.0,0.063,0.062,0.0,7.15,5.74,19.0
67850.0,0.069,0.067,0.0,6.891,5.74,19.0
67900.0,0.062,0.061,0.0,6.971,5.74,18.0
67950.0,0.065,0.064,0.0,6.66,5.74,19.0
68000.0,0.065,0.063,0.0,6.901,5.74,19.0
68050.0,0.066,0.065,0.0,7.486,5.74,19.0
68100.0,0.065,0.063,0.0,7.391,5.74,19.0
68150.0,0.067,0.066,0.0,6.98,5.74,19.0
68200.0,0.067,0.066,0.0,7.053,5.74,19.0
68250.0,0.066,0.065,0.0,6.242,5.74,19.0
68300.0,0.066,0.065,0.0,6.972,5.74,19.0
68350.0,0.063,0.061,0.0,7.145,5.74,19.0
68400.0,0.066,0.064,0.0,6.305,5.74,19.0
68450.0,0.065,0.063,0.0,7.413,5.74,19.0
68500.0,0.065,0.063,0.0,6.287,5.74,19.0
68550.0,0.068,0.067,0.0,6.9,5.74,19.0
68600.0,0.065,0.064,0.0,7.248,5.74,19.0
68650.0,0.065,0.064,0.0,6.917,5.74,19.0
68700.0,0.065,0.063,0.0,7.739,5.74,19.0
68750.0,0.064,0.062,0.0,7.191,5.74,19.0
68800.0,0.067,0.065,0.0,6.811,5.74,19.0
68850.0,0.065,0.063,0.0,7.302,5.74,19.0
68900.0,0.063,0.061,0.0,6.501,5.74,19.0
68950.0,0.069,0.067,0.0,6.793,5.74,19.0
69000.0,0.067,0.065,0.0,7.411,5.74,19.0
69050.0,0.069,0.067,0.0,8.001,5.74,19.0
69100.0,0.07,0.068,0.0,7.218,5.74,19.0
69150.0,0.065,0.064,0.0,6.022,5.74,19.0
69200.0,0.068,0.066,0.0,6.969,5.74,19.0
69250.0,0.064,0.063,0.0,6.783,5.74,19.0
69300.0,0.065,0.064,0.0,7.203,5.7,18.0
69350.0,0.064,0.062,0.0,6.932,5.74,19.0
69400.0,0.065,0.063,0.0,6.969,5.74,19.0
69450.0,0.062,0.061,0.0,6.799,5.74,19.0
69500.0,0.066,0.064,0.0,7.591,5.74,19.0
69550.0,0.066,0.064,0.0,7.373,5.74,19.0
69600.0,0.064,0.063,0.0,6.919,5.74,19.0
69650.0,0.061,0.06,0.0,6.607,5.74,19.0
69700.0,0.063,0.061,0.0,6.392,5.74,19.0
69750.0,0.065,0.063,0.0,6.313,5.74,19.0
69800.0,0.064,0.063,0.0,6.887,5.74,19.0
69850.0,0.066,0.065,0.0,6.644,5.74,19.0
69900.0,0.065,0.064,0.0,6.725,5.74,19.0
69950.0,0.064,0.063,0.0,7.423,5.74,19.0
70000.0,0.067,0.066,0.0,6.435,5.74,19.0
70050.0,0.064,0.063,0.0,7.502,5.74,19.0
70100.0,0.061,0.059,0.0,6.491,5.74,19.0
70150.0,0.063,0.062,0.0,6.279,5.74,19.0
70200.0,0.064,0.062,0.0,6.809,5.74,19.0
70250.0,0.068,0.066,0.0,7.985,5.74,19.0
70300.0,0.065,0.063,0.0,6.519,5.74,19.0
70350.0,0.062,0.06,0.0,6.112,5.74,19.0
70400.0,0.063,0.062,0.0,6.595,5.74,18.0
70450.0,0.061,0.06,0.0,6.636,5.74,19.0
70500.0,0.068,0.066,0.0,7.751,5.74,19.0
70550.0,0.066,0.064,0.0,6.952,5.74,19.0
70600.0,0.065,0.064,0.0,6.898,5.74,18.0
70650.0,0.064,0.062,0.0,7.557,5.74,19.0
70700.0,0.064,0.062,0.0,7.036,5.74,19.0
70750.0,0.064,0.063,0.0,6.861,5.74,19.0
70800.0,0.067,0.065,0.0,6.73,5.74,19.0
70850.0,0.063,0.062,0.0,6.102,5.74,19.0
70900.0,0.062,0.061,0.0,6.195,5.74,19.0
70950.0,0.063,0.061,0.0,7.158,5.74,19.0
71000.0,0.065,0.063,0.0,7.094,5.74,19.0
71050.0,0.069,0.068,0.0,7.892,5.74,19.0
71100.0,0.062,0.061,0.0,6.661,5.74,19.0
71150.0,0.065,0.063,0.0,6.968,5.74,19.0
71200.0,0.063,0.061,0.0,6.81,5.74,19.0
71250.0,0.067,0.065,0.0,7.243,5.74,19.0
71300.0,0.068,0.066,0.0,7.159,5.74,19.0
71350.0,0.063,0.061,0.0,6.626,5.74,19.0
71400.0,0.062,0.061,0.0,6.95,5.74,19.0
71450.0,0.066,0.065,0.0,6.861,5.74,19.0
71500.0,0.064,0.062,0.0,6.33,5.74,19.0
71550.0,0.064,0.062,0.0,7.171,5.74,19.0
71600.0,0.066,0.065,0.0,6.852,5.74,19.0
71650.0,0.063,0.062,0.0,6.271,5.74,19.0
71700.0,0.062,0.061,0.0,6.442,5.74,19.0
71750.0,0.063,0.062,0.0,7.536,5.74,19.0
71800.0,0.065,0.063,0.0,6.91,5.74,19.0
71850.0,0.065,0.064,0.0,6.929,5.74,19.0
71900.0,0.066,0.065,0.0,7.086,5.74,19.0
71950.0,0.065,0.064,0.0,6.513,5.74,19.0
72000.0,0.06,0.059,0.0,6.935,5.74,19.0
72050.0,0.062,0.06,0.0,6.776,5.74,19.0
72100.0,0.064,0.063,0.0,7.569,5.74,19.0
72150.0,0.065,0.064,0.0,7.056,5.74,19.0
72200.0,0.067,0.066,0.0,7.071,5.74,19.0
72250.0,0.064,0.063,0.0,6.6,5.74,19.0
72300.0,0.061,0.059,0.0,6.004,5.74,19.0
72350.0,0.064,0.062,0.0,7.042,5.74,19.0
72400.0,0.064,0.063,0.0,6.842,5.74,19.0
72450.0,0.065,0.063,0.0,7.264,5.74,19.0
72500.0,0.066,0.065,0.0,6.936,5.74,19.0
72550.0,0.063,0.061,0.0,7.074,5.74,19.0
72600.0,0.065,0.064,0.0,6.895,5.74,19.0
72650.0,0.065,0.064,0.0,6.009,5.74,19.0
72700.0,0.067,0.066,0.0,8.006,5.74,19.0
72750.0,0.066,0.064,0.0,6.673,5.74,19.0
72800.0,0.064,0.062,0.0,6.483,5.74,19.0
72850.0,0.067,0.065,0.0,6.539,5.74,19.0
72900.0,0.061,0.06,0.0,7.193,5.74,19.0
72950.0,0.059,0.058,0.0,6.425,5.74,18.0
73000.0,0.059,0.057,0.0,6.346,5.74,19.0
73050.0,0.065,0.063,0.0,7.587,5.74,19.0
73100.0,0.065,0.064,0.0,7.582,5.74,19.0
73150.0,0.061,0.06,0.0,6.817,5.74,19.0
73200.0,0.067,0.066,0.0,7.247,5.74,19.0
73250.0,0.061,0.06,0.0,6.903,5.74,19.0
73300.0,0.063,0.062,0.0,7.026,5.74,19.0
73350.0,0.061,0.06,0.0,6.599,5.7,19.0
73400.0,0.065,0.064,0.0,7.558,5.74,18.0
73450.0,0.065,0.064,0.0,6.622,5.74,19.0
73500.0,0.062,0.061,0.0,6.625,5.74,19.0
73550.0,0.061,0.059,0.0,6.252,5.74,19.0
73600.0,0.063,0.061,0.0,7.195,5.74,19.0
73650.0,0.062,0.061,0.0,7.155,5.74,19.0
73700.0,0.063,0.061,0.0,7.029,5.74,19.0
73750.0,0.062,0.061,0.0,6.413,5.74,19.0
73800.0,0.059,0.058,0.0,6.467,5.74,19.0
73850.0,0.063,0.061,0.0,7.345,5.74,19.0
73900.0,0.063,0.061,0.0,6.941,5.74,19.0
73950.0,0.062,0.06,0.0,6.023,5.74,19.0
74000.0,0.06,0.059,0.0,6.185,5.74,19.0
74050.0,0.065,0.064,0.0,6.333,5.74,19.0
74100.0,0.063,0.062,0.0,6.481,5.74,19.0
74150.0,0.062,0.061,0.0,6.466,5.74,19.0
74200.0,0.066,0.065,0.0,6.939,5.74,19.0
74250.0,0.061,0.06,0.0,6.2,5.74,19.0
74300.0,0.06,0.059,0.0,6.322,5.74,19.0
74350.0,0.062,0.061,0.0,6.739,5.74,19.0
74400.0,0.061,0.06,0.0,6.307,5.74,19.0
74450.0,0.064,0.062,0.0,6.626,5.74,18.0
74500.0,0.064,0.062,0.0,7.459,5.74,19.0
74550.0,0.064,0.062,0.0,6.188,5.74,19.0
74600.0,0.063,0.061,0.0,6.183,5.74,19.0
74650.0,0.061,0.06,0.0,5.853,5.74,19.0
74700.0,0.063,0.061,0.0,6.497,5.74,19.0
74750.0,0.06,0.058,0.0,6.035,5.74,19.0
74800.0,0.061,0.06,0.0,6.101,5.74,19.0
74850.0,0.062,0.06,0.0,7.007,5.74,19.0
74900.0,0.062,0.061,0.0,7.804,5.74,19.0
74950.0,0.062,0.06,0.0,7.082,5.74,19.0
75000.0,0.066,0.065,0.0,7.445,5.74,19.0
75050.0,0.063,0.062,0.0,7.238,5.74,19.0
75100.0,0.06,0.059,0.0,6.066,5.74,19.0
75150.0,0.063,0.061,0.0,7.324,5.74,19.0
75200.0,0.063,0.061,0.0,7.511,5.74,19.0
75250.0,0.059,0.058,0.0,6.844,5.74,19.0
75300.0,0.063,0.062,0.0,6.605,5.74,19.0
75350.0,0.063,0.061,0.0,6.611,5.74,19.0
75400.0,0.059,0.057,0.0,5.93,5.74,19.0
75450.0,0.063,0.061,0.0,6.302,5.74,19.0
75500.0,0.06,0.059,0.0,7.129,5.74,19.0
75550.0,0.061,0.06,0.0,6.691,5.74,19.0
75600.0,0.06,0.059,0.0,6.935,5.74,19.0
75650.0,0.061,0.06,0.0,6.649,5.74,19.0
75700.0,0.063,0.062,0.0,7.298,5.74,19.0
75750.0,0.06,0.058,0.0,6.788,5.74,19.0
75800.0,0.06,0.059,0.0,6.276,5.74,19.0
75850.0,0.065,0.063,0.0,6.063,5.74,19.0
75900.0,0.062,0.06,0.0,6.534,5.74,19.0
75950.0,0.064,0.063,0.0,6.743,5.74,19.0
76000.0,0.061,0.06,0.0,6.1,5.74,19.0
76050.0,0.06,0.059,0.0,6.636,5.74,19.0
76100.0,0.061,0.059,0.0,6.473,5.74,19.0
76150.0,0.06,0.059,0.0,5.93,5.74,19.0
76200.0,0.064,0.063,0.0,6.237,5.74,19.0
76250.0,0.064,0.063,0.0,7.379,5.74,19.0
76300.0,0.064,0.063,0.0,6.715,5.74,19.0
76350.0,0.06,0.059,0.0,6.178,5.74,19.0
76400.0,0.059,0.058,0.0,6.731,5.74,19.0
76450.0,0.063,0.062,0.0,6.555,5.74,19.0
76500.0,0.06,0.059,0.0,6.519,5.74,19.0
76550.0,0.062,0.06,0.0,6.556,5.74,19.0
76600.0,0.06,0.059,0.0,5.999,5.74,19.0
76650.0,0.061,0.06,0.0,6.895,5.74,19.0
76700.0,0.065,0.064,0.0,6.428,5.74,19.0
76750.0,0.061,0.059,0.0,6.123,5.74,19.0
76800.0,0.059,0.057,0.0,6.585,5.74,19.0
76850.0,0.062,0.06,0.0,6.798,5.74,19.0
76900.0,0.062,0.061,0.0,7.301,5.74,19.0
76950.0,0.062,0.06,0.0,6.494,5.74,19.0
77000.0,0.062,0.061,0.0,7.307,5.74,18.0
77050.0,0.065,0.064,0.0,6.773,5.74,19.0
77100.0,0.063,0.061,0.0,7.185,5.74,19.0
77150.0,0.062,0.061,0.0,7.61,5.74,19.0
77200.0,0.063,0.061,0.0,7.017,5.74,19.0
77250.0,0.063,0.062,0.0,6.495,5.74,19.0
77300.0,0.064,0.062,0.0,7.146,5.74,19.0
77350.0,0.06,0.058,0.0,5.951,5.74,19.0
77400.0,0.061,0.059,0.0,7.195,5.74,19.0
77450.0,0.06,0.059,0.0,6.61,5.7,19.0
77500.0,0.06,0.059,0.0,6.227,5.74,19.0
77550.0,0.06,0.059,0.0,6.789,5.74,19.0
77600.0,0.061,0.06,0.0,6.019,5.74,19.0
77650.0,0.058,0.057,0.0,6.408,5.74,19.0
77700.0,0.06,0.059,0.0,6.164,5.74,19.0
77750.0,0.06,0.059,0.0,6.904,5.74,19.0
77800.0,0.065,0.064,0.0,6.973,5.74,19.0
77850.0,0.059,0.057,0.0,6.315,5.74,19.0
77900.0,0.064,0.062,0.0,7.55,5.74,19.0
77950.0,0.061,0.06,0.0,6.121,5.74,19.0
78000.0,0.059,0.058,0.0,6.215,5.74,19.0
78050.0,0.062,0.061,0.0,6.667,5.74,19.0
78100.0,0.061,0.06,0.0,6.99,5.74,18.0
78150.0,0.058,0.057,0.0,6.285,5.74,19.0
78200.0,0.063,0.061,0.0,7.568,5.74,19.0
78250.0,0.064,0.063,0.0,6.718,5.74,19.0
78300.0,0.06,0.058,0.0,6.515,5.74,19.0
78350.0,0.06,0.059,0.0,7.262,5.74,19.0
78400.0,0.06,0.059,0.0,6.584,5.74,19.0
78450.0,0.062,0.06,0.0,6.962,5.74,19.0
78500.0,0.06,0.059,0.0,7.458,5.74,19.0
78550.0,0.063,0.062,0.0,7.281,5.74,19.0
78600.0,0.061,0.06,0.0,6.912,5.74,19.0
78650.0,0.06,0.059,0.0,6.174,5.74,19.0
78700.0,0.057,0.056,0.0,5.92,5.74,19.0
78750.0,0.065,0.063,0.0,7.94,5.74,19.0
78800.0,0.06,0.058,0.0,6.831,5.74,19.0
78850.0,0.059,0.058,0.0,6.743,5.74,19.0
78900.0,0.06,0.059,0.0,6.181,5.74,19.0
78950.0,0.059,0.057,0.0,6.361,5.74,19.0
79000.0,0.06,0.059,0.0,6.143,5.74,19.0
79050.0,0.063,0.061,0.0,6.749,5.74,19.0
79100.0,0.063,0.062,0.0,7.308,5.74,19.0
79150.0,0.064,0.063,0.0,6.641,5.74,19.0
79200.0,0.059,0.058,0.0,5.883,5.74,19.0
79250.0,0.062,0.06,0.0,7.222,5.74,19.0
79300.0,0.06,0.059,0.0,6.354,5.74,19.0
79350.0,0.058,0.056,0.0,5.744,5.74,19.0
79400.0,0.064,0.062,0.0,6.843,5.74,19.0
79450.0,0.06,0.058,0.0,6.282,5.74,19.0
79500.0,0.058,0.057,0.0,6.592,5.74,19.0
79550.0,0.062,0.06,0.0,6.746,5.74,19.0
79600.0,0.061,0.06,0.0,7.697,5.74,19.0
79650.0,0.059,0.057,0.0,6.139,5.74,19.0
79700.0,0.062,0.061,0.0,6.455,5.74,19.0
79750.0,0.061,0.06,0.0,6.5,5.74,19.0
79800.0,0.063,0.062,0.0,8.397,5.74,19.0
79850.0,0.058,0.057,0.0,6.705,5.74,19.0
79900.0,0.057,0.056,0.0,6.88,5.74,19.0
79950.0,0.06,0.059,0.0,6.901,5.74,19.0
80000.0,0.06,0.059,0.0,6.976,5.74,19.0
80050.0,0.059,0.058,0.0,6.599,5.74,19.0
80100.0,0.062,0.061,0.0,6.692,5.74,19.0
80150.0,0.059,0.058,0.0,5.904,5.74,19.0
80200.0,0.06,0.059,0.0,6.322,5.74,19.0
80250.0,0.056,0.055,0.0,6.129,5.74,19.0
80300.0,0.058,0.057,0.0,6.218,5.74,19.0
80350.0,0.06,0.059,0.0,6.846,5.74,19.0
80400.0,0.061,0.059,0.0,6.903,5.74,19.0
80450.0,0.06,0.059,0.0,6.353,5.74,19.0
80500.0,0.06,0.059,0.0,6.087,5.74,19.0
80550.0,0.059,0.058,0.0,6.228,5.74,19.0
80600.0,0.058,0.057,0.0,6.526,5.74,19.0
80650.0,0.06,0.059,0.0,6.666,5.74,19.0
80700.0,0.059,0.058,0.0,6.33,5.74,19.0
80750.0,0.058,0.056,0.0,5.81,5.74,19.0
80800.0,0.063,0.061,0.0,6.396,5.74,19.0
80850.0,0.059,0.058,0.0,6.2,5.74,19.0
80900.0,0.062,0.061,0.0,7.091,5.74,19.0
80950.0,0.06,0.059,0.0,6.166,5.74,19.0
81000.0,0.058,0.057,0.0,6.746,5.74,19.0
81050.0,0.058,0.057,0.0,7.04,5.74,19.0
81100.0,0.059,0.058,0.0,6.516,5.74,19.0
81150.0,0.059,0.058,0.0,5.981,5.74,19.0
81200.0,0.057,0.056,0.0,6.169,5.74,19.0
81250.0,0.061,0.06,0.0,6.773,5.74,19.0
81300.0,0.061,0.06,0.0,6.805,5.74,19.0
81350.0,0.06,0.059,0.0,6.022,5.74,18.0
81400.0,0.062,0.061,0.0,6.681,5.74,19.0
81450.0,0.062,0.061,0.0,6.919,5.74,19.0
81500.0,0.059,0.058,0.0,6.369,5.7,19.0
81550.0,0.06,0.059,0.0,6.736,5.74,18.0
81600.0,0.059,0.058,0.0,6.976,5.74,19.0
81650.0,0.059,0.058,0.0,6.27,5.74,19.0
81700.0,0.064,0.063,0.0,6.734,5.74,19.0
81750.0,0.063,0.061,0.0,6.669,5.74,19.0
81800.0,0.057,0.056,0.0,6.181,5.74,19.0
81850.0,0.06,0.059,0.0,6.489,5.74,19.0
81900.0,0.058,0.057,0.0,6.19,5.74,19.0
81950.0,0.059,0.058,0.0,6.421,5.74,19.0
82000.0,0.057,0.056,0.0,5.902,5.74,19.0
82050.0,0.059,0.057,0.0,6.511,5.74,19.0
82100.0,0.059,0.057,0.0,5.593,5.74,19.0
82150.0,0.058,0.057,0.0,6.03,5.74,19.0
82200.0,0.059,0.058,0.0,6.531,5.74,19.0
82250.0,0.058,0.057,0.0,6.647,5.74,19.0
82300.0,0.061,0.06,0.0,6.091,5.74,19.0
82350.0,0.058,0.057,0.0,6.521,5.74,19.0
82400.0,0.064,0.063,0.0,7.2,5.74,19.0
82450.0,0.061,0.059,0.0,6.305,5.74,18.0
82500.0,0.059,0.058,0.0,6.421,5.74,19.0
82550.0,0.058,0.057,0.0,6.426,5.74,19.0
82600.0,0.058,0.057,0.0,6.496,5.74,19.0
82650.0,0.06,0.059,0.0,6.463,5.74,19.0
82700.0,0.058,0.056,0.0,6.455,5.74,19.0
82750.0,0.059,0.058,0.0,6.268,5.74,19.0
82800.0,0.058,0.057,0.0,5.544,5.74,19.0
82850.0,0.057,0.055,0.0,6.325,5.74,18.0
82900.0,0.06,0.059,0.0,7.13,5.74,19.0
82950.0,0.057,0.056,0.0,6.086,5.74,19.0
83000.0,0.057,0.055,0.0,5.767,5.74,19.0
83050.0,0.058,0.057,0.0,6.423,5.74,19.0
83100.0,0.06,0.058,0.0,5.791,5.74,19.0
83150.0,0.056,0.055,0.0,5.949,5.74,19.0
83200.0,0.059,0.058,0.0,6.65,5.74,19.0
83250.0,0.059,0.058,0.0,6.541,5.74,19.0
83300.0,0.056,0.055,0.0,6.712,5.74,19.0
83350.0,0.058,0.057,0.0,7.235,5.74,19.0
83400.0,0.056,0.055,0.0,6.139,5.74,19.0
83450.0,0.058,0.057,0.0,6.386,5.74,19.0
83500.0,0.056,0.055,0.0,5.964,5.74,19.0
83550.0,0.058,0.057,0.0,6.776,5.74,19.0
83600.0,0.059,0.058,0.0,6.603,5.74,19.0
83650.0,0.056,0.055,0.0,5.408,5.74,19.0
83700.0,0.057,0.056,0.0,6.116,5.74,19.0
83750.0,0.058,0.056,0.0,6.155,5.74,19.0
83800.0,0.058,0.057,0.0,6.081,5.74,19.0
83850.0,0.059,0.058,0.0,6.543,5.74,19.0
83900.0,0.059,0.058,0.0,6.192,5.74,19.0
83950.0,0.061,0.06,0.0,6.432,5.74,19.0
84000.0,0.062,0.061,0.0,6.589,5.74,19.0
84050.0,0.061,0.06,0.0,5.783,5.74,19.0
84100.0,0.061,0.059,0.0,6.21,5.74,19.0
84150.0,0.057,0.056,0.0,6.019,5.74,19.0
84200.0,0.059,0.057,0.0,6.741,5.74,19.0
84250.0,0.056,0.055,0.0,6.801,5.74,19.0
84300.0,0.056,0.055,0.0,6.224,5.74,19.0
84350.0,0.06,0.059,0.0,6.927,5.74,19.0
84400.0,0.063,0.062,0.0,7.767,5.74,19.0
84450.0,0.058,0.057,0.0,7.188,5.74,19.0
84500.0,0.056,0.055,0.0,6.3,5.74,19.0
84550.0,0.059,0.058,0.0,5.787,5.74,19.0
84600.0,0.057,0.056,0.0,6.386,5.74,19.0
84650.0,0.059,0.058,0.0,7.116,5.74,19.0
84700.0,0.056,0.055,0.0,5.835,5.74,19.0
84750.0,0.059,0.058,0.0,6.183,5.74,19.0
84800.0,0.058,0.057,0.0,6.46,5.74,19.0
84850.0,0.059,0.058,0.0,6.031,5.74,19.0
84900.0,0.059,0.058,0.0,6.124,5.74,19.0
84950.0,0.062,0.06,0.0,6.538,5.74,19.0
85000.0,0.06,0.059,0.0,6.602,5.74,19.0
85050.0,0.059,0.058,0.0,6.414,5.74,19.0
85100.0,0.059,0.058,0.0,6.132,5.74,19.0
85150.0,0.06,0.058,0.0,6.107,5.74,19.0
85200.0,0.058,0.057,0.0,6.856,5.74,19.0
85250.0,0.059,0.057,0.0,6.384,5.74,19.0
85300.0,0.058,0.057,0.0,6.583,5.74,19.0
85350.0,0.059,0.057,0.0,5.664,5.74,18.0
85400.0,0.058,0.057,0.0,5.736,5.74,19.0
85450.0,0.057,0.056,0.0,6.648,5.74,19.0
85500.0,0.062,0.061,0.0,6.536,5.74,19.0
85550.0,0.056,0.055,0.0,6.198,5.74,19.0
85600.0,0.056,0.055,0.0,6.963,5.7,19.0
85650.0,0.056,0.055,0.0,6.056,5.74,19.0
85700.0,0.057,0.056,0.0,6.725,5.74,19.0
85750.0,0.058,0.057,0.0,7.106,5.74,18.0
85800.0,0.055,0.054,0.0,5.902,5.74,19.0
85850.0,0.052,0.051,0.0,6.191,5.74,19.0
85900.0,0.058,0.057,0.0,6.184,5.74,19.0
85950.0,0.058,0.057,0.0,6.547,5.74,19.0
86000.0,0.056,0.055,0.0,6.832,5.74,19.0
86050.0,0.057,0.056,0.0,5.642,5.74,19.0
86100.0,0.056,0.055,0.0,6.698,5.74,19.0
86150.0,0.058,0.057,0.0,6.101,5.74,18.0
86200.0,0.056,0.055,0.0,6.947,5.74,19.0
86250.0,0.06,0.059,0.0,5.993,5.74,19.0
86300.0,0.053,0.052,0.0,5.516,5.74,19.0
86350.0,0.056,0.055,0.0,6.452,5.74,19.0
86400.0,0.057,0.056,0.0,6.852,5.74,19.0
86450.0,0.058,0.056,0.0,6.123,5.74,19.0
86500.0,0.057,0.056,0.0,6.823,5.74,19.0
86550.0,0.056,0.055,0.0,6.349,5.74,18.0
86600.0,0.057,0.055,0.0,6.521,5.74,19.0
86650.0,0.059,0.058,0.0,7.103,5.74,19.0
86700.0,0.058,0.057,0.0,6.416,5.74,19.0
86750.0,0.056,0.055,0.0,5.402,5.74,19.0
86800.0,0.058,0.057,0.0,6.188,5.74,19.0
86850.0,0.061,0.059,0.0,6.11,5.74,19.0
86900.0,0.058,0.056,0.0,6.569,5.74,19.0
86950.0,0.057,0.056,0.0,6.449,5.74,19.0
87000.0,0.06,0.059,0.0,6.568,5.74,19.0
87050.0,0.059,0.058,0.0,6.008,5.74,19.0
87100.0,0.059,0.058,0.0,6.096,5.74,19.0
87150.0,0.058,0.057,0.0,6.128,5.74,19.0
87200.0,0.058,0.057,0.0,5.794,5.74,19.0
87250.0,0.059,0.058,0.0,7.102,5.74,18.0
87300.0,0.06,0.059,0.0,6.789,5.74,19.0
87350.0,0.059,0.058,0.0,6.346,5.74,19.0
87400.0,0.056,0.055,0.0,6.327,5.74,19.0
87450.0,0.057,0.056,0.0,6.162,5.74,19.0
87500.0,0.057,0.055,0.0,5.946,5.74,19.0
87550.0,0.055,0.054,0.0,6.304,5.74,19.0
87600.0,0.056,0.055,0.0,6.067,5.74,19.0
87650.0,0.06,0.059,0.0,6.963,5.74,18.0
87700.0,0.061,0.06,0.0,6.56,5.74,19.0
87750.0,0.057,0.056,0.0,6.545,5.74,19.0
87800.0,0.058,0.057,0.0,6.457,5.74,19.0
87850.0,0.059,0.058,0.0,6.256,5.74,19.0
87900.0,0.059,0.058,0.0,6.628,5.74,19.0
87950.0,0.057,0.056,0.0,6.664,5.74,19.0
88000.0,0.058,0.057,0.0,6.346,5.74,19.0
88050.0,0.058,0.057,0.0,5.893,5.74,19.0
88100.0,0.057,0.056,0.0,6.037,5.74,19.0
88150.0,0.055,0.054,0.0,5.934,5.74,19.0
88200.0,0.057,0.056,0.0,5.871,5.74,19.0
88250.0,0.054,0.053,0.0,6.335,5.74,19.0
88300.0,0.057,0.056,0.0,6.27,5.74,19.0
88350.0,0.055,0.054,0.0,5.717,5.74,19.0
88400.0,0.058,0.057,0.0,5.773,5.74,19.0
88450.0,0.059,0.058,0.0,6.793,5.74,19.0
88500.0,0.06,0.059,0.0,6.117,5.74,19.0
88550.0,0.058,0.057,0.0,6.405,5.74,19.0
88600.0,0.057,0.056,0.0,6.36,5.74,19.0
88650.0,0.058,0.057,0.0,6.727,5.74,19.0
88700.0,0.053,0.052,0.0,5.901,5.74,19.0
88750.0,0.057,0.056,0.0,6.101,5.74,19.0
88800.0,0.056,0.055,0.0,6.734,5.74,18.0
88850.0,0.057,0.056,0.0,7.095,5.74,19.0
88900.0,0.057,0.056,0.0,6.182,5.74,19.0
88950.0,0.056,0.055,0.0,6.247,5.74,19.0
89000.0,0.056,0.055,0.0,6.982,5.74,19.0
89050.0,0.056,0.055,0.0,6.385,5.74,19.0
89100.0,0.06,0.058,0.0,5.697,5.74,19.0
89150.0,0.053,0.052,0.0,5.776,5.74,19.0
89200.0,0.055,0.054,0.0,5.707,5.74,19.0
89250.0,0.057,0.056,0.0,6.181,5.74,19.0
89300.0,0.056,0.055,0.0,6.37,5.74,19.0
89350.0,0.054,0.053,0.0,5.824,5.74,19.0
89400.0,0.056,0.055,0.0,6.072,5.74,19.0
89450.0,0.057,0.056,0.0,6.358,5.74,19.0
89500.0,0.056,0.055,0.0,7.054,5.74,19.0
89550.0,0.056,0.055,0.0,6.716,5.74,19.0
89600.0,0.06,0.059,0.0,6.121,5.74,19.0
89650.0,0.059,0.058,0.0,5.86,5.7,19.0
89700.0,0.059,0.058,0.0,6.124,5.74,18.0
89750.0,0.055,0.054,0.0,5.934,5.74,19.0
89800.0,0.058,0.058,0.0,6.627,5.74,19.0
89850.0,0.054,0.053,0.0,5.955,5.74,19.0
89900.0,0.055,0.054,0.0,6.228,5.74,19.0
89950.0,0.059,0.058,0.0,6.251,5.74,19.0
90000.0,0.057,0.056,0.0,6.402,5.74,19.0
90050.0,0.058,0.057,0.0,7.015,5.74,19.0
90100.0,0.058,0.057,0.0,6.725,5.74,18.0
90150.0,0.057,0.055,0.0,6.76,5.74,19.0
90200.0,0.055,0.054,0.0,6.32,5.74,19.0
90250.0,0.056,0.055,0.0,5.914,5.74,19.0
90300.0,0.056,0.055,0.0,5.475,5.74,19.0
90350.0,0.055,0.054,0.0,5.895,5.74,19.0
90400.0,0.056,0.055,0.0,5.72,5.74,19.0
90450.0,0.054,0.053,0.0,5.792,5.74,19.0
90500.0,0.055,0.054,0.0,5.61,5.74,19.0
90550.0,0.057,0.056,0.0,5.987,5.74,18.0
90600.0,0.058,0.057,0.0,6.628,5.74,19.0
90650.0,0.056,0.055,0.0,6.602,5.74,19.0
90700.0,0.056,0.055,0.0,6.598,5.74,19.0
90750.0,0.056,0.056,0.0,6.364,5.74,19.0
90800.0,0.053,0.052,0.0,5.66,5.74,19.0
90850.0,0.056,0.055,0.0,6.121,5.74,19.0
90900.0,0.054,0.053,0.0,6.701,5.74,19.0
90950.0,0.055,0.054,0.0,6.434,5.74,19.0
91000.0,0.052,0.051,0.0,5.645,5.74,19.0
91050.0,0.054,0.053,0.0,6.012,5.74,19.0
91100.0,0.054,0.053,0.0,6.258,5.74,19.0
91150.0,0.057,0.056,0.0,6.092,5.74,19.0
91200.0,0.055,0.054,0.0,6.34,5.74,19.0
91250.0,0.051,0.051,0.0,5.808,5.74,19.0
91300.0,0.055,0.054,0.0,5.564,5.74,19.0
91350.0,0.054,0.053,0.0,5.911,5.74,19.0
91400.0,0.055,0.054,0.0,6.079,5.74,19.0
91450.0,0.055,0.053,0.0,6.133,5.74,19.0
91500.0,0.058,0.057,0.0,5.812,5.74,19.0
91550.0,0.059,0.057,0.0,6.422,5.74,19.0
91600.0,0.054,0.053,0.0,5.882,5.74,19.0
91650.0,0.055,0.054,0.0,6.391,5.74,18.0
91700.0,0.057,0.056,0.0,6.543,5.74,19.0
91750.0,0.054,0.053,0.0,6.432,5.74,19.0
91800.0,0.056,0.055,0.0,6.464,5.74,19.0
91850.0,0.056,0.055,0.0,6.182,5.74,19.0
91900.0,0.053,0.052,0.0,6.209,5.74,19.0
91950.0,0.058,0.057,0.0,6.481,5.74,19.0
92000.0,0.052,0.051,0.0,5.603,5.74,19.0
92050.0,0.055,0.054,0.0,6.343,5.74,19.0
92100.0,0.054,0.053,0.0,6.027,5.74,19.0
92150.0,0.055,0.054,0.0,6.214,5.74,19.0
92200.0,0.056,0.055,0.0,6.321,5.74,19.0
92250.0,0.057,0.056,0.0,7.031,5.74,19.0
92300.0,0.058,0.057,0.0,6.809,5.74,19.0
92350.0,0.057,0.056,0.0,6.429,5.74,19.0
92400.0,0.056,0.055,0.0,6.013,5.74,19.0
92450.0,0.056,0.055,0.0,6.184,5.74,19.0
92500.0,0.059,0.058,0.0,6.266,5.74,19.0
92550.0,0.055,0.054,0.0,5.571,5.74,19.0
92600.0,0.056,0.055,0.0,6.538,5.74,19.0
92650.0,0.055,0.054,0.0,6.592,5.74,19.0
92700.0,0.054,0.053,0.0,6.146,5.74,19.0
92750.0,0.058,0.057,0.0,6.567,5.74,19.0
92800.0,0.056,0.055,0.0,6.054,5.74,19.0
92850.0,0.055,0.054,0.0,6.179,5.74,19.0
92900.0,0.055,0.055,0.0,6.098,5.74,19.0
92950.0,0.053,0.052,0.0,6.101,5.74,19.0
93000.0,0.057,0.056,0.0,6.68,5.74,19.0
93050.0,0.054,0.053,0.0,5.918,5.74,19.0
93100.0,0.058,0.057,0.0,6.16,5.74,19.0
93150.0,0.057,0.056,0.0,5.973,5.74,19.0
93200.0,0.057,0.056,0.0,5.979,5.74,19.0
93250.0,0.059,0.058,0.0,6.385,5.74,19.0
93300.0,0.058,0.057,0.0,7.568,5.74,19.0
93350.0,0.058,0.057,0.0,7.28,5.74,19.0
93400.0,0.055,0.054,0.0,5.793,5.74,19.0
93450.0,0.057,0.056,0.0,5.731,5.74,19.0
93500.0,0.055,0.054,0.0,6.12,5.74,19.0
93550.0,0.055,0.054,0.0,6.421,5.74,19.0
93600.0,0.056,0.055,0.0,6.292,5.74,19.0
93650.0,0.054,0.053,0.0,6.416,5.74,19.0
93700.0,0.056,0.055,0.0,6.92,5.74,19.0
93750.0,0.054,0.053,0.0,5.921,5.7,19.0
93800.0,0.054,0.053,0.0,6.125,5.74,19.0
93850.0,0.055,0.054,0.0,6.06,5.74,19.0
93900.0,0.057,0.056,0.0,6.927,5.74,19.0
93950.0,0.053,0.052,0.0,6.284,5.74,19.0
94000.0,0.055,0.054,0.0,6.917,5.74,19.0
94050.0,0.054,0.053,0.0,6.02,5.74,19.0
94100.0,0.055,0.054,0.0,6.725,5.74,19.0
94150.0,0.055,0.054,0.0,6.009,5.74,19.0
94200.0,0.054,0.053,0.0,5.891,5.74,19.0
94250.0,0.055,0.054,0.0,6.27,5.74,19.0
94300.0,0.056,0.055,0.0,6.557,5.74,19.0
94350.0,0.054,0.053,0.0,6.233,5.74,19.0
94400.0,0.056,0.055,0.0,5.55,5.74,19.0
94450.0,0.057,0.056,0.0,5.997,5.74,19.0
94500.0,0.053,0.052,0.0,5.366,5.74,19.0
94550.0,0.051,0.05,0.0,5.829,5.74,19.0
94600.0,0.056,0.056,0.0,6.594,5.74,19.0
94650.0,0.054,0.053,0.0,6.077,5.74,19.0
94700.0,0.054,0.053,0.0,5.855,5.74,19.0
94750.0,0.057,0.056,0.0,6.184,5.74,19.0
94800.0,0.054,0.053,0.0,6.479,5.74,19.0
94850.0,0.054,0.053,0.0,6.214,5.74,19.0
94900.0,0.054,0.053,0.0,6.274,5.74,19.0
94950.0,0.056,0.055,0.0,7.1,5.74,19.0
95000.0,0.053,0.052,0.0,6.26,5.74,19.0
95050.0,0.053,0.052,0.0,6.312,5.74,19.0
95100.0,0.054,0.053,0.0,5.74,5.74,19.0
95150.0,0.052,0.051,0.0,6.534,5.74,19.0
95200.0,0.055,0.054,0.0,5.668,5.74,19.0
95250.0,0.054,0.053,0.0,6.307,5.74,19.0
95300.0,0.056,0.055,0.0,6.227,5.74,19.0
95350.0,0.057,0.056,0.0,6.446,5.74,19.0
95400.0,0.053,0.052,0.0,5.466,5.74,19.0
95450.0,0.054,0.053,0.0,5.669,5.74,19.0
95500.0,0.054,0.053,0.0,6.162,5.74,19.0
95550.0,0.055,0.055,0.0,6.185,5.74,19.0
95600.0,0.055,0.054,0.0,6.272,5.74,19.0
95650.0,0.055,0.054,0.0,6.519,5.74,19.0
95700.0,0.056,0.055,0.0,6.307,5.74,19.0
95750.0,0.054,0.053,0.0,6.195,5.74,19.0
95800.0,0.056,0.055,0.0,6.11,5.74,19.0
95850.0,0.058,0.057,0.0,7.615,5.74,19.0
95900.0,0.054,0.053,0.0,5.4,5.74,19.0
95950.0,0.056,0.056,0.0,6.414,5.74,19.0
96000.0,0.054,0.053,0.0,6.822,5.74,19.0
96050.0,0.053,0.052,0.0,6.765,5.74,19.0
96100.0,0.054,0.053,0.0,6.404,5.74,19.0
96150.0,0.053,0.052,0.0,5.864,5.74,19.0
96200.0,0.053,0.052,0.0,5.891,5.74,19.0
96250.0,0.053,0.052,0.0,5.547,5.74,19.0
96300.0,0.055,0.054,0.0,6.332,5.74,18.0
96350.0,0.052,0.051,0.0,5.564,5.74,19.0
96400.0,0.054,0.054,0.0,5.958,5.74,19.0
96450.0,0.051,0.05,0.0,5.998,5.74,19.0
96500.0,0.054,0.053,0.0,5.286,5.74,19.0
96550.0,0.055,0.054,0.0,6.498,5.74,19.0
96600.0,0.051,0.05,0.0,5.724,5.74,19.0
96650.0,0.053,0.052,0.0,5.756,5.74,19.0
96700.0,0.054,0.053,0.0,6.071,5.74,19.0
96750.0,0.052,0.051,0.0,5.995,5.74,19.0
96800.0,0.056,0.055,0.0,5.867,5.74,19.0
96850.0,0.055,0.054,0.0,6.201,5.74,19.0
96900.0,0.056,0.055,0.0,6.408,5.74,19.0
96950.0,0.058,0.057,0.0,6.899,5.74,19.0
97000.0,0.055,0.054,0.0,6.067,5.74,19.0
97050.0,0.053,0.052,0.0,5.53,5.74,19.0
97100.0,0.055,0.054,0.0,5.993,5.74,19.0
97150.0,0.055,0.054,0.0,5.828,5.74,19.0
97200.0,0.053,0.052,0.0,6.223,5.74,19.0
97250.0,0.055,0.054,0.0,6.235,5.74,19.0
97300.0,0.055,0.054,0.0,5.929,5.74,19.0
97350.0,0.054,0.054,0.0,6.146,5.74,19.0
97400.0,0.053,0.052,0.0,5.702,5.74,19.0
97450.0,0.053,0.052,0.0,5.757,5.74,19.0
97500.0,0.056,0.055,0.0,6.176,5.74,19.0
97550.0,0.055,0.054,0.0,6.368,5.74,19.0
97600.0,0.052,0.051,0.0,5.631,5.74,19.0
97650.0,0.057,0.056,0.0,6.258,5.74,19.0
97700.0,0.055,0.054,0.0,6.305,5.74,18.0
97750.0,0.054,0.053,0.0,5.649,5.74,19.0
97800.0,0.053,0.052,0.0,6.896,5.7,19.0
97850.0,0.052,0.052,0.0,6.261,5.74,18.0
97900.0,0.055,0.054,0.0,5.697,5.74,19.0
97950.0,0.054,0.053,0.0,5.938,5.74,19.0
98000.0,0.053,0.052,0.0,6.249,5.74,19.0
98050.0,0.05,0.05,0.0,5.563,5.74,19.0
98100.0,0.062,0.061,0.0,7.11,5.74,18.0
98150.0,0.05,0.05,0.0,5.575,5.74,19.0
98200.0,0.055,0.054,0.0,6.167,5.74,19.0
98250.0,0.052,0.051,0.0,5.928,5.74,19.0
98300.0,0.053,0.052,0.0,6.23,5.74,19.0
98350.0,0.051,0.05,0.0,5.591,5.74,19.0
98400.0,0.054,0.053,0.0,5.779,5.74,19.0
98450.0,0.058,0.057,0.0,6.334,5.74,19.0
98500.0,0.055,0.054,0.0,5.376,5.74,19.0
98550.0,0.052,0.051,0.0,5.984,5.74,19.0
98600.0,0.054,0.053,0.0,5.875,5.74,19.0
98650.0,0.055,0.054,0.0,6.367,5.74,19.0
98700.0,0.055,0.054,0.0,6.591,5.74,19.0
98750.0,0.055,0.054,0.0,5.542,5.74,19.0
98800.0,0.055,0.054,0.0,6.111,5.74,19.0
98850.0,0.051,0.05,0.0,5.99,5.74,19.0
98900.0,0.053,0.052,0.0,5.789,5.74,19.0
98950.0,0.053,0.052,0.0,5.415,5.74,19.0
99000.0,0.053,0.053,0.0,5.659,5.74,19.0
99050.0,0.053,0.052,0.0,5.769,5.74,19.0
99100.0,0.053,0.052,0.0,6.569,5.74,19.0
99150.0,0.053,0.053,0.0,6.34,5.74,19.0
99200.0,0.053,0.052,0.0,5.861,5.74,18.0
99250.0,0.053,0.052,0.0,6.263,5.74,19.0
99300.0,0.052,0.051,0.0,5.565,5.74,19.0
99350.0,0.055,0.054,0.0,6.515,5.74,19.0
99400.0,0.054,0.053,0.0,6.213,5.74,19.0
99450.0,0.055,0.055,0.0,6.399,5.74,19.0
99500.0,0.054,0.053,0.0,5.775,5.74,19.0
99550.0,0.056,0.055,0.0,6.732,5.74,19.0
99600.0,0.053,0.052,0.0,5.784,5.74,19.0
99650.0,0.055,0.054,0.0,6.136,5.74,19.0
99700.0,0.051,0.05,0.0,5.589,5.74,19.0
99750.0,0.055,0.054,0.0,6.239,5.74,19.0
99800.0,0.054,0.053,0.0,6.024,5.74,19.0
99850.0,0.053,0.053,0.0,5.673,5.74,19.0
99900.0,0.053,0.052,0.0,6.08,5.74,19.0
99950.0,0.052,0.051,0.0,5.924,5.74,19.0
100000.0,0.051,0.05,0.0,6.108,5.74,19.0
